race,lap,short_name,id,team,engine,grid_position,quali_time,lap_position,lap_time,gap_to_leader,position,points,fastest_s1,fastest_s2,fastest_s3,ideal_time,s1_speed,s2_speed,s3_speed,speed_trap,tyre,pit_time
Japanese,Start,VER,821,Red Bull,Red Bull RBPTH001,1,1:29.304,1,,,1,25,37.744,46.812,20.254,1:44.810,272.1,294.9,248.7,281.2,,
Japanese,1,VER,821,Red Bull,Red Bull RBPTH001,1,1:29.304,1,2:02.046,,1,25,37.744,46.812,20.254,1:44.810,272.1,294.9,248.7,281.2,,
Japanese,2,VER,821,Red Bull,Red Bull RBPTH001,1,1:29.304,1,3:03.369,,1,25,37.744,46.812,20.254,1:44.810,272.1,294.9,248.7,281.2,,
Japanese,3,VER,821,Red Bull,Red Bull RBPTH001,1,1:29.304,1,9:13.758,,1,25,37.744,46.812,20.254,1:44.810,272.1,294.9,248.7,281.2,,
Japanese,4,VER,821,Red Bull,Red Bull RBPTH001,1,1:29.304,1,2:45.704,,1,25,37.744,46.812,20.254,1:44.810,272.1,294.9,248.7,281.2,,
Japanese,5,VER,821,Red Bull,Red Bull RBPTH001,1,1:29.304,1,3:03.390,,1,25,37.744,46.812,20.254,1:44.810,272.1,294.9,248.7,281.2,,
Japanese,6,VER,821,Red Bull,Red Bull RBPTH001,1,1:29.304,1,1:50.761,,1,25,37.744,46.812,20.254,1:44.810,272.1,294.9,248.7,281.2,,
Japanese,7,VER,821,Red Bull,Red Bull RBPTH001,1,1:29.304,1,1:52.865,,1,25,37.744,46.812,20.254,1:44.810,272.1,294.9,248.7,281.2,,
Japanese,8,VER,821,Red Bull,Red Bull RBPTH001,1,1:29.304,4,2:10.625,,1,25,37.744,46.812,20.254,1:44.810,272.1,294.9,248.7,281.2,,
Japanese,9,VER,821,Red Bull,Red Bull RBPTH001,1,1:29.304,1,1:45.148,,1,25,37.744,46.812,20.254,1:44.810,272.1,294.9,248.7,281.2,,
Japanese,10,VER,821,Red Bull,Red Bull RBPTH001,1,1:29.304,1,1:44.911,,1,25,37.744,46.812,20.254,1:44.810,272.1,294.9,248.7,281.2,,
Japanese,11,VER,821,Red Bull,Red Bull RBPTH001,1,1:29.304,1,1:45.011,,1,25,37.744,46.812,20.254,1:44.810,272.1,294.9,248.7,281.2,,
Japanese,12,VER,821,Red Bull,Red Bull RBPTH001,1,1:29.304,1,1:45.403,,1,25,37.744,46.812,20.254,1:44.810,272.1,294.9,248.7,281.2,,
Japanese,13,VER,821,Red Bull,Red Bull RBPTH001,1,1:29.304,1,1:45.802,,1,25,37.744,46.812,20.254,1:44.810,272.1,294.9,248.7,281.2,,
Japanese,14,VER,821,Red Bull,Red Bull RBPTH001,1,1:29.304,1,1:46.813,,1,25,37.744,46.812,20.254,1:44.810,272.1,294.9,248.7,281.2,,
Japanese,15,VER,821,Red Bull,Red Bull RBPTH001,1,1:29.304,1,1:47.348,,1,25,37.744,46.812,20.254,1:44.810,272.1,294.9,248.7,281.2,,
Japanese,16,VER,821,Red Bull,Red Bull RBPTH001,1,1:29.304,1,1:47.516,,1,25,37.744,46.812,20.254,1:44.810,272.1,294.9,248.7,281.2,,
Japanese,17,VER,821,Red Bull,Red Bull RBPTH001,1,1:29.304,1,1:47.416,,1,25,37.744,46.812,20.254,1:44.810,272.1,294.9,248.7,281.2,,
Japanese,18,VER,821,Red Bull,Red Bull RBPTH001,1,1:29.304,1,1:47.598,,1,25,37.744,46.812,20.254,1:44.810,272.1,294.9,248.7,281.2,,
Japanese,19,VER,821,Red Bull,Red Bull RBPTH001,1,1:29.304,1,1:47.654,,1,25,37.744,46.812,20.254,1:44.810,272.1,294.9,248.7,281.2,,
Japanese,20,VER,821,Red Bull,Red Bull RBPTH001,1,1:29.304,1,1:47.742,,1,25,37.744,46.812,20.254,1:44.810,272.1,294.9,248.7,281.2,,
Japanese,21,VER,821,Red Bull,Red Bull RBPTH001,1,1:29.304,1,1:47.563,,1,25,37.744,46.812,20.254,1:44.810,272.1,294.9,248.7,281.2,,
Japanese,22,VER,821,Red Bull,Red Bull RBPTH001,1,1:29.304,1,1:47.350,,1,25,37.744,46.812,20.254,1:44.810,272.1,294.9,248.7,281.2,,
Japanese,23,VER,821,Red Bull,Red Bull RBPTH001,1,1:29.304,1,1:47.651,,1,25,37.744,46.812,20.254,1:44.810,272.1,294.9,248.7,281.2,,
Japanese,24,VER,821,Red Bull,Red Bull RBPTH001,1,1:29.304,1,1:47.582,,1,25,37.744,46.812,20.254,1:44.810,272.1,294.9,248.7,281.2,,
Japanese,25,VER,821,Red Bull,Red Bull RBPTH001,1,1:29.304,1,1:47.794,,1,25,37.744,46.812,20.254,1:44.810,272.1,294.9,248.7,281.2,,
Japanese,26,VER,821,Red Bull,Red Bull RBPTH001,1,1:29.304,1,1:47.991,,1,25,37.744,46.812,20.254,1:44.810,272.1,294.9,248.7,281.2,,
Japanese,27,VER,821,Red Bull,Red Bull RBPTH001,1,1:29.304,1,1:48.249,,1,25,37.744,46.812,20.254,1:44.810,272.1,294.9,248.7,281.2,,
Japanese,28,VER,821,Red Bull,Red Bull RBPTH001,1,1:29.304,1,1:48.944,,1,25,37.744,46.812,20.254,1:44.810,272.1,294.9,248.7,281.2,,
Japanese,Start,PER,785,Red Bull,Red Bull RBPTH001,4,1:29.709,4,,,2 +2,18,38.035,47.251,20.268,1:45.554,272.2,297.4,248.8,288.7,,
Japanese,1,PER,785,Red Bull,Red Bull RBPTH001,4,1:29.709,3,2:07.539,,2 +2,18,38.035,47.251,20.268,1:45.554,272.2,297.4,248.8,288.7,,
Japanese,2,PER,785,Red Bull,Red Bull RBPTH001,4,1:29.709,3,3:03.119,,2 +2,18,38.035,47.251,20.268,1:45.554,272.2,297.4,248.8,288.7,,
Japanese,3,PER,785,Red Bull,Red Bull RBPTH001,4,1:29.709,3,9:11.999,,2 +2,18,38.035,47.251,20.268,1:45.554,272.2,297.4,248.8,288.7,,
Japanese,4,PER,785,Red Bull,Red Bull RBPTH001,4,1:29.709,3,2:46.411,,2 +2,18,38.035,47.251,20.268,1:45.554,272.2,297.4,248.8,288.7,,
Japanese,5,PER,785,Red Bull,Red Bull RBPTH001,4,1:29.709,3,3:01.424,,2 +2,18,38.035,47.251,20.268,1:45.554,272.2,297.4,248.8,288.7,,
Japanese,6,PER,785,Red Bull,Red Bull RBPTH001,4,1:29.709,3,1:53.662,,2 +2,18,38.035,47.251,20.268,1:45.554,272.2,297.4,248.8,288.7,,
Japanese,7,PER,785,Red Bull,Red Bull RBPTH001,4,1:29.709,3,1:54.053,,2 +2,18,38.035,47.251,20.268,1:45.554,272.2,297.4,248.8,288.7,,
Japanese,8,PER,785,Red Bull,Red Bull RBPTH001,4,1:29.709,7,2:11.551,,2 +2,18,38.035,47.251,20.268,1:45.554,272.2,297.4,248.8,288.7,,
Japanese,9,PER,785,Red Bull,Red Bull RBPTH001,4,1:29.709,4,1:47.730,,2 +2,18,38.035,47.251,20.268,1:45.554,272.2,297.4,248.8,288.7,,
Japanese,10,PER,785,Red Bull,Red Bull RBPTH001,4,1:29.709,3,1:47.088,,2 +2,18,38.035,47.251,20.268,1:45.554,272.2,297.4,248.8,288.7,,
Japanese,11,PER,785,Red Bull,Red Bull RBPTH001,4,1:29.709,3,1:46.120,,2 +2,18,38.035,47.251,20.268,1:45.554,272.2,297.4,248.8,288.7,,
Japanese,12,PER,785,Red Bull,Red Bull RBPTH001,4,1:29.709,3,1:46.165,,2 +2,18,38.035,47.251,20.268,1:45.554,272.2,297.4,248.8,288.7,,
Japanese,13,PER,785,Red Bull,Red Bull RBPTH001,4,1:29.709,3,1:47.120,,2 +2,18,38.035,47.251,20.268,1:45.554,272.2,297.4,248.8,288.7,,
Japanese,14,PER,785,Red Bull,Red Bull RBPTH001,4,1:29.709,3,1:47.253,,2 +2,18,38.035,47.251,20.268,1:45.554,272.2,297.4,248.8,288.7,,
Japanese,15,PER,785,Red Bull,Red Bull RBPTH001,4,1:29.709,3,1:47.387,,2 +2,18,38.035,47.251,20.268,1:45.554,272.2,297.4,248.8,288.7,,
Japanese,16,PER,785,Red Bull,Red Bull RBPTH001,4,1:29.709,3,1:47.885,,2 +2,18,38.035,47.251,20.268,1:45.554,272.2,297.4,248.8,288.7,,
Japanese,17,PER,785,Red Bull,Red Bull RBPTH001,4,1:29.709,3,1:48.246,,2 +2,18,38.035,47.251,20.268,1:45.554,272.2,297.4,248.8,288.7,,
Japanese,18,PER,785,Red Bull,Red Bull RBPTH001,4,1:29.709,3,1:48.133,,2 +2,18,38.035,47.251,20.268,1:45.554,272.2,297.4,248.8,288.7,,
Japanese,19,PER,785,Red Bull,Red Bull RBPTH001,4,1:29.709,3,1:48.126,,2 +2,18,38.035,47.251,20.268,1:45.554,272.2,297.4,248.8,288.7,,
Japanese,20,PER,785,Red Bull,Red Bull RBPTH001,4,1:29.709,3,1:47.338,,2 +2,18,38.035,47.251,20.268,1:45.554,272.2,297.4,248.8,288.7,,
Japanese,21,PER,785,Red Bull,Red Bull RBPTH001,4,1:29.709,3,1:48.221,,2 +2,18,38.035,47.251,20.268,1:45.554,272.2,297.4,248.8,288.7,,
Japanese,22,PER,785,Red Bull,Red Bull RBPTH001,4,1:29.709,3,1:47.591,,2 +2,18,38.035,47.251,20.268,1:45.554,272.2,297.4,248.8,288.7,,
Japanese,23,PER,785,Red Bull,Red Bull RBPTH001,4,1:29.709,3,1:48.819,,2 +2,18,38.035,47.251,20.268,1:45.554,272.2,297.4,248.8,288.7,,
Japanese,24,PER,785,Red Bull,Red Bull RBPTH001,4,1:29.709,3,1:49.857,,2 +2,18,38.035,47.251,20.268,1:45.554,272.2,297.4,248.8,288.7,,
Japanese,25,PER,785,Red Bull,Red Bull RBPTH001,4,1:29.709,3,1:49.165,,2 +2,18,38.035,47.251,20.268,1:45.554,272.2,297.4,248.8,288.7,,
Japanese,26,PER,785,Red Bull,Red Bull RBPTH001,4,1:29.709,3,1:49.258,,2 +2,18,38.035,47.251,20.268,1:45.554,272.2,297.4,248.8,288.7,,
Japanese,27,PER,785,Red Bull,Red Bull RBPTH001,4,1:29.709,3,1:49.491,,2 +2,18,38.035,47.251,20.268,1:45.554,272.2,297.4,248.8,288.7,,
Japanese,28,PER,785,Red Bull,Red Bull RBPTH001,4,1:29.709,3,1:50.319,,2 +2,18,38.035,47.251,20.268,1:45.554,272.2,297.4,248.8,288.7,,
Japanese,Start,LEC,833,Ferrari,Ferrari 066/7,2,1:29.314,2,,,3 -1,15,37.550,46.760,20.020,1:44.330,268.9,291.2,248.9,286.5,,
Japanese,1,LEC,833,Ferrari,Ferrari 066/7,2,1:29.314,2,2:04.571,,3 -1,15,37.550,46.760,20.020,1:44.330,268.9,291.2,248.9,286.5,,
Japanese,2,LEC,833,Ferrari,Ferrari 066/7,2,1:29.314,2,3:03.735,,3 -1,15,37.550,46.760,20.020,1:44.330,268.9,291.2,248.9,286.5,,
Japanese,3,LEC,833,Ferrari,Ferrari 066/7,2,1:29.314,2,9:12.789,,3 -1,15,37.550,46.760,20.020,1:44.330,268.9,291.2,248.9,286.5,,
Japanese,4,LEC,833,Ferrari,Ferrari 066/7,2,1:29.314,2,2:45.976,,3 -1,15,37.550,46.760,20.020,1:44.330,268.9,291.2,248.9,286.5,,
Japanese,5,LEC,833,Ferrari,Ferrari 066/7,2,1:29.314,2,3:01.833,,3 -1,15,37.550,46.760,20.020,1:44.330,268.9,291.2,248.9,286.5,,
Japanese,6,LEC,833,Ferrari,Ferrari 066/7,2,1:29.314,2,1:51.393,,3 -1,15,37.550,46.760,20.020,1:44.330,268.9,291.2,248.9,286.5,,
Japanese,7,LEC,833,Ferrari,Ferrari 066/7,2,1:29.314,2,1:52.863,,3 -1,15,37.550,46.760,20.020,1:44.330,268.9,291.2,248.9,286.5,,
Japanese,8,LEC,833,Ferrari,Ferrari 066/7,2,1:29.314,5,2:12.483,,3 -1,15,37.550,46.760,20.020,1:44.330,268.9,291.2,248.9,286.5,,
Japanese,9,LEC,833,Ferrari,Ferrari 066/7,2,1:29.314,2,1:46.672,,3 -1,15,37.550,46.760,20.020,1:44.330,268.9,291.2,248.9,286.5,,
Japanese,10,LEC,833,Ferrari,Ferrari 066/7,2,1:29.314,2,1:44.489,,3 -1,15,37.550,46.760,20.020,1:44.330,268.9,291.2,248.9,286.5,,
Japanese,11,LEC,833,Ferrari,Ferrari 066/7,2,1:29.314,2,1:45.481,,3 -1,15,37.550,46.760,20.020,1:44.330,268.9,291.2,248.9,286.5,,
Japanese,12,LEC,833,Ferrari,Ferrari 066/7,2,1:29.314,2,1:46.628,,3 -1,15,37.550,46.760,20.020,1:44.330,268.9,291.2,248.9,286.5,,
Japanese,13,LEC,833,Ferrari,Ferrari 066/7,2,1:29.314,2,1:47.272,,3 -1,15,37.550,46.760,20.020,1:44.330,268.9,291.2,248.9,286.5,,
Japanese,14,LEC,833,Ferrari,Ferrari 066/7,2,1:29.314,2,1:48.247,,3 -1,15,37.550,46.760,20.020,1:44.330,268.9,291.2,248.9,286.5,,
Japanese,15,LEC,833,Ferrari,Ferrari 066/7,2,1:29.314,2,1:48.731,,3 -1,15,37.550,46.760,20.020,1:44.330,268.9,291.2,248.9,286.5,,
Japanese,16,LEC,833,Ferrari,Ferrari 066/7,2,1:29.314,2,1:48.440,,3 -1,15,37.550,46.760,20.020,1:44.330,268.9,291.2,248.9,286.5,,
Japanese,17,LEC,833,Ferrari,Ferrari 066/7,2,1:29.314,2,1:48.644,,3 -1,15,37.550,46.760,20.020,1:44.330,268.9,291.2,248.9,286.5,,
Japanese,18,LEC,833,Ferrari,Ferrari 066/7,2,1:29.314,2,1:48.678,,3 -1,15,37.550,46.760,20.020,1:44.330,268.9,291.2,248.9,286.5,,
Japanese,19,LEC,833,Ferrari,Ferrari 066/7,2,1:29.314,2,1:48.310,,3 -1,15,37.550,46.760,20.020,1:44.330,268.9,291.2,248.9,286.5,,
Japanese,20,LEC,833,Ferrari,Ferrari 066/7,2,1:29.314,2,1:48.442,,3 -1,15,37.550,46.760,20.020,1:44.330,268.9,291.2,248.9,286.5,,
Japanese,21,LEC,833,Ferrari,Ferrari 066/7,2,1:29.314,2,1:48.844,,3 -1,15,37.550,46.760,20.020,1:44.330,268.9,291.2,248.9,286.5,,
Japanese,22,LEC,833,Ferrari,Ferrari 066/7,2,1:29.314,2,1:48.618,,3 -1,15,37.550,46.760,20.020,1:44.330,268.9,291.2,248.9,286.5,,
Japanese,23,LEC,833,Ferrari,Ferrari 066/7,2,1:29.314,2,1:49.122,,3 -1,15,37.550,46.760,20.020,1:44.330,268.9,291.2,248.9,286.5,,
Japanese,24,LEC,833,Ferrari,Ferrari 066/7,2,1:29.314,2,1:50.087,,3 -1,15,37.550,46.760,20.020,1:44.330,268.9,291.2,248.9,286.5,,
Japanese,25,LEC,833,Ferrari,Ferrari 066/7,2,1:29.314,2,1:49.001,,3 -1,15,37.550,46.760,20.020,1:44.330,268.9,291.2,248.9,286.5,,
Japanese,26,LEC,833,Ferrari,Ferrari 066/7,2,1:29.314,2,1:49.523,,3 -1,15,37.550,46.760,20.020,1:44.330,268.9,291.2,248.9,286.5,,
Japanese,27,LEC,833,Ferrari,Ferrari 066/7,2,1:29.314,2,1:49.229,,3 -1,15,37.550,46.760,20.020,1:44.330,268.9,291.2,248.9,286.5,,
Japanese,28,LEC,833,Ferrari,Ferrari 066/7,2,1:29.314,2,1:50.666,,3 -1,15,37.550,46.760,20.020,1:44.330,268.9,291.2,248.9,286.5,,
Japanese,Start,OCO,823,Alpine,Renault E-Tech RE22,5,1:30.165,5,,,4 +1,12,38.142,47.634,20.454,1:46.230,264.6,295.4,247.5,288.0,,
Japanese,1,OCO,823,Alpine,Renault E-Tech RE22,5,1:30.165,4,2:12.607,,4 +1,12,38.142,47.634,20.454,1:46.230,264.6,295.4,247.5,288.0,,
Japanese,2,OCO,823,Alpine,Renault E-Tech RE22,5,1:30.165,4,2:59.566,,4 +1,12,38.142,47.634,20.454,1:46.230,264.6,295.4,247.5,288.0,,
Japanese,3,OCO,823,Alpine,Renault E-Tech RE22,5,1:30.165,4,9:13.288,,4 +1,12,38.142,47.634,20.454,1:46.230,264.6,295.4,247.5,288.0,,
Japanese,4,OCO,823,Alpine,Renault E-Tech RE22,5,1:30.165,4,2:45.290,,4 +1,12,38.142,47.634,20.454,1:46.230,264.6,295.4,247.5,288.0,,
Japanese,5,OCO,823,Alpine,Renault E-Tech RE22,5,1:30.165,4,3:00.129,,4 +1,12,38.142,47.634,20.454,1:46.230,264.6,295.4,247.5,288.0,,
Japanese,6,OCO,823,Alpine,Renault E-Tech RE22,5,1:30.165,4,1:54.730,,4 +1,12,38.142,47.634,20.454,1:46.230,264.6,295.4,247.5,288.0,,
Japanese,7,OCO,823,Alpine,Renault E-Tech RE22,5,1:30.165,4,1:54.890,,4 +1,12,38.142,47.634,20.454,1:46.230,264.6,295.4,247.5,288.0,,
Japanese,8,OCO,823,Alpine,Renault E-Tech RE22,5,1:30.165,8,2:11.686,,4 +1,12,38.142,47.634,20.454,1:46.230,264.6,295.4,247.5,288.0,,
Japanese,9,OCO,823,Alpine,Renault E-Tech RE22,5,1:30.165,5,1:48.747,,4 +1,12,38.142,47.634,20.454,1:46.230,264.6,295.4,247.5,288.0,,
Japanese,10,OCO,823,Alpine,Renault E-Tech RE22,5,1:30.165,4,1:48.104,,4 +1,12,38.142,47.634,20.454,1:46.230,264.6,295.4,247.5,288.0,,
Japanese,11,OCO,823,Alpine,Renault E-Tech RE22,5,1:30.165,4,1:46.559,,4 +1,12,38.142,47.634,20.454,1:46.230,264.6,295.4,247.5,288.0,,
Japanese,12,OCO,823,Alpine,Renault E-Tech RE22,5,1:30.165,4,1:47.152,,4 +1,12,38.142,47.634,20.454,1:46.230,264.6,295.4,247.5,288.0,,
Japanese,13,OCO,823,Alpine,Renault E-Tech RE22,5,1:30.165,4,1:47.106,,4 +1,12,38.142,47.634,20.454,1:46.230,264.6,295.4,247.5,288.0,,
Japanese,14,OCO,823,Alpine,Renault E-Tech RE22,5,1:30.165,4,1:47.560,,4 +1,12,38.142,47.634,20.454,1:46.230,264.6,295.4,247.5,288.0,,
Japanese,15,OCO,823,Alpine,Renault E-Tech RE22,5,1:30.165,4,1:48.178,,4 +1,12,38.142,47.634,20.454,1:46.230,264.6,295.4,247.5,288.0,,
Japanese,16,OCO,823,Alpine,Renault E-Tech RE22,5,1:30.165,4,1:48.364,,4 +1,12,38.142,47.634,20.454,1:46.230,264.6,295.4,247.5,288.0,,
Japanese,17,OCO,823,Alpine,Renault E-Tech RE22,5,1:30.165,4,1:48.958,,4 +1,12,38.142,47.634,20.454,1:46.230,264.6,295.4,247.5,288.0,,
Japanese,18,OCO,823,Alpine,Renault E-Tech RE22,5,1:30.165,4,1:48.428,,4 +1,12,38.142,47.634,20.454,1:46.230,264.6,295.4,247.5,288.0,,
Japanese,19,OCO,823,Alpine,Renault E-Tech RE22,5,1:30.165,4,1:49.109,,4 +1,12,38.142,47.634,20.454,1:46.230,264.6,295.4,247.5,288.0,,
Japanese,20,OCO,823,Alpine,Renault E-Tech RE22,5,1:30.165,4,1:49.271,,4 +1,12,38.142,47.634,20.454,1:46.230,264.6,295.4,247.5,288.0,,
Japanese,21,OCO,823,Alpine,Renault E-Tech RE22,5,1:30.165,4,1:49.012,,4 +1,12,38.142,47.634,20.454,1:46.230,264.6,295.4,247.5,288.0,,
Japanese,22,OCO,823,Alpine,Renault E-Tech RE22,5,1:30.165,4,1:49.454,,4 +1,12,38.142,47.634,20.454,1:46.230,264.6,295.4,247.5,288.0,,
Japanese,23,OCO,823,Alpine,Renault E-Tech RE22,5,1:30.165,4,1:49.121,,4 +1,12,38.142,47.634,20.454,1:46.230,264.6,295.4,247.5,288.0,,
Japanese,24,OCO,823,Alpine,Renault E-Tech RE22,5,1:30.165,4,1:49.213,,4 +1,12,38.142,47.634,20.454,1:46.230,264.6,295.4,247.5,288.0,,
Japanese,25,OCO,823,Alpine,Renault E-Tech RE22,5,1:30.165,4,1:49.260,,4 +1,12,38.142,47.634,20.454,1:46.230,264.6,295.4,247.5,288.0,,
Japanese,26,OCO,823,Alpine,Renault E-Tech RE22,5,1:30.165,4,1:49.064,,4 +1,12,38.142,47.634,20.454,1:46.230,264.6,295.4,247.5,288.0,,
Japanese,27,OCO,823,Alpine,Renault E-Tech RE22,5,1:30.165,4,1:49.261,,4 +1,12,38.142,47.634,20.454,1:46.230,264.6,295.4,247.5,288.0,,
Japanese,28,OCO,823,Alpine,Renault E-Tech RE22,5,1:30.165,4,1:49.582,,4 +1,12,38.142,47.634,20.454,1:46.230,264.6,295.4,247.5,288.0,,
Japanese,Start,HAM,482,Mercedes,Mercedes M13 E,6,1:30.261,6,,,5 +1,10,37.815,47.230,20.485,1:45.530,266.9,302.6,249.7,281.3,,
Japanese,1,HAM,482,Mercedes,Mercedes M13 E,6,1:30.261,5,2:16.349,,5 +1,10,37.815,47.230,20.485,1:45.530,266.9,302.6,249.7,281.3,,
Japanese,2,HAM,482,Mercedes,Mercedes M13 E,6,1:30.261,5,3:00.131,,5 +1,10,37.815,47.230,20.485,1:45.530,266.9,302.6,249.7,281.3,,
Japanese,3,HAM,482,Mercedes,Mercedes M13 E,6,1:30.261,5,9:12.244,,5 +1,10,37.815,47.230,20.485,1:45.530,266.9,302.6,249.7,281.3,,
Japanese,4,HAM,482,Mercedes,Mercedes M13 E,6,1:30.261,5,2:46.392,,5 +1,10,37.815,47.230,20.485,1:45.530,266.9,302.6,249.7,281.3,,
Japanese,5,HAM,482,Mercedes,Mercedes M13 E,6,1:30.261,5,2:56.122,,5 +1,10,37.815,47.230,20.485,1:45.530,266.9,302.6,249.7,281.3,,
Japanese,6,HAM,482,Mercedes,Mercedes M13 E,6,1:30.261,5,1:55.173,,5 +1,10,37.815,47.230,20.485,1:45.530,266.9,302.6,249.7,281.3,,
Japanese,7,HAM,482,Mercedes,Mercedes M13 E,6,1:30.261,6,1:55.367,,5 +1,10,37.815,47.230,20.485,1:45.530,266.9,302.6,249.7,281.3,,
Japanese,8,HAM,482,Mercedes,Mercedes M13 E,6,1:30.261,9,2:12.216,,5 +1,10,37.815,47.230,20.485,1:45.530,266.9,302.6,249.7,281.3,,
Japanese,9,HAM,482,Mercedes,Mercedes M13 E,6,1:30.261,6,1:47.518,,5 +1,10,37.815,47.230,20.485,1:45.530,266.9,302.6,249.7,281.3,,
Japanese,10,HAM,482,Mercedes,Mercedes M13 E,6,1:30.261,5,1:49.566,,5 +1,10,37.815,47.230,20.485,1:45.530,266.9,302.6,249.7,281.3,,
Japanese,11,HAM,482,Mercedes,Mercedes M13 E,6,1:30.261,5,1:45.530,,5 +1,10,37.815,47.230,20.485,1:45.530,266.9,302.6,249.7,281.3,,
Japanese,12,HAM,482,Mercedes,Mercedes M13 E,6,1:30.261,5,1:47.030,,5 +1,10,37.815,47.230,20.485,1:45.530,266.9,302.6,249.7,281.3,,
Japanese,13,HAM,482,Mercedes,Mercedes M13 E,6,1:30.261,5,1:46.816,,5 +1,10,37.815,47.230,20.485,1:45.530,266.9,302.6,249.7,281.3,,
Japanese,14,HAM,482,Mercedes,Mercedes M13 E,6,1:30.261,5,1:47.378,,5 +1,10,37.815,47.230,20.485,1:45.530,266.9,302.6,249.7,281.3,,
Japanese,15,HAM,482,Mercedes,Mercedes M13 E,6,1:30.261,5,1:48.212,,5 +1,10,37.815,47.230,20.485,1:45.530,266.9,302.6,249.7,281.3,,
Japanese,16,HAM,482,Mercedes,Mercedes M13 E,6,1:30.261,5,1:48.283,,5 +1,10,37.815,47.230,20.485,1:45.530,266.9,302.6,249.7,281.3,,
Japanese,17,HAM,482,Mercedes,Mercedes M13 E,6,1:30.261,5,1:48.915,,5 +1,10,37.815,47.230,20.485,1:45.530,266.9,302.6,249.7,281.3,,
Japanese,18,HAM,482,Mercedes,Mercedes M13 E,6,1:30.261,5,1:48.663,,5 +1,10,37.815,47.230,20.485,1:45.530,266.9,302.6,249.7,281.3,,
Japanese,19,HAM,482,Mercedes,Mercedes M13 E,6,1:30.261,5,1:48.808,,5 +1,10,37.815,47.230,20.485,1:45.530,266.9,302.6,249.7,281.3,,
Japanese,20,HAM,482,Mercedes,Mercedes M13 E,6,1:30.261,5,1:49.315,,5 +1,10,37.815,47.230,20.485,1:45.530,266.9,302.6,249.7,281.3,,
Japanese,21,HAM,482,Mercedes,Mercedes M13 E,6,1:30.261,5,1:49.202,,5 +1,10,37.815,47.230,20.485,1:45.530,266.9,302.6,249.7,281.3,,
Japanese,22,HAM,482,Mercedes,Mercedes M13 E,6,1:30.261,5,1:49.239,,5 +1,10,37.815,47.230,20.485,1:45.530,266.9,302.6,249.7,281.3,,
Japanese,23,HAM,482,Mercedes,Mercedes M13 E,6,1:30.261,5,1:49.380,,5 +1,10,37.815,47.230,20.485,1:45.530,266.9,302.6,249.7,281.3,,
Japanese,24,HAM,482,Mercedes,Mercedes M13 E,6,1:30.261,5,1:48.944,,5 +1,10,37.815,47.230,20.485,1:45.530,266.9,302.6,249.7,281.3,,
Japanese,25,HAM,482,Mercedes,Mercedes M13 E,6,1:30.261,5,1:49.457,,5 +1,10,37.815,47.230,20.485,1:45.530,266.9,302.6,249.7,281.3,,
Japanese,26,HAM,482,Mercedes,Mercedes M13 E,6,1:30.261,5,1:49.461,,5 +1,10,37.815,47.230,20.485,1:45.530,266.9,302.6,249.7,281.3,,
Japanese,27,HAM,482,Mercedes,Mercedes M13 E,6,1:30.261,5,1:48.784,,5 +1,10,37.815,47.230,20.485,1:45.530,266.9,302.6,249.7,281.3,,
Japanese,28,HAM,482,Mercedes,Mercedes M13 E,6,1:30.261,5,1:49.835,,5 +1,10,37.815,47.230,20.485,1:45.530,266.9,302.6,249.7,281.3,,
Japanese,Start,VET,702,Aston Martin,Mercedes M13 E,9,1:30.554,9,,,6 +3,8,38.333,47.671,20.694,1:46.698,265.8,290.0,247.6,281.0,,
Japanese,1,VET,702,Aston Martin,Mercedes M13 E,9,1:30.554,16,2:42.377,,6 +3,8,38.333,47.671,20.694,1:46.698,265.8,290.0,247.6,281.0,,
Japanese,2,VET,702,Aston Martin,Mercedes M13 E,9,1:30.554,16,3:03.136,,6 +3,8,38.333,47.671,20.694,1:46.698,265.8,290.0,247.6,281.0,,
Japanese,3,VET,702,Aston Martin,Mercedes M13 E,9,1:30.554,16,9:03.240,,6 +3,8,38.333,47.671,20.694,1:46.698,265.8,290.0,247.6,281.0,,
Japanese,4,VET,702,Aston Martin,Mercedes M13 E,9,1:30.554,16,2:45.568,,6 +3,8,38.333,47.671,20.694,1:46.698,265.8,290.0,247.6,281.0,,
Japanese,5,VET,702,Aston Martin,Mercedes M13 E,9,1:30.554,18,2:49.390,,6 +3,8,38.333,47.671,20.694,1:46.698,265.8,290.0,247.6,281.0,,
Japanese,6,VET,702,Aston Martin,Mercedes M13 E,9,1:30.554,17,2:12.958,,6 +3,8,38.333,47.671,20.694,1:46.698,265.8,290.0,247.6,281.0,,
Japanese,7,VET,702,Aston Martin,Mercedes M13 E,9,1:30.554,15,1:48.401,,6 +3,8,38.333,47.671,20.694,1:46.698,265.8,290.0,247.6,281.0,,
Japanese,8,VET,702,Aston Martin,Mercedes M13 E,9,1:30.554,10,1:50.163,,6 +3,8,38.333,47.671,20.694,1:46.698,265.8,290.0,247.6,281.0,,
Japanese,9,VET,702,Aston Martin,Mercedes M13 E,9,1:30.554,8,1:48.638,,6 +3,8,38.333,47.671,20.694,1:46.698,265.8,290.0,247.6,281.0,,
Japanese,10,VET,702,Aston Martin,Mercedes M13 E,9,1:30.554,7,1:48.481,,6 +3,8,38.333,47.671,20.694,1:46.698,265.8,290.0,247.6,281.0,,
Japanese,11,VET,702,Aston Martin,Mercedes M13 E,9,1:30.554,6,1:50.458,,6 +3,8,38.333,47.671,20.694,1:46.698,265.8,290.0,247.6,281.0,,
Japanese,12,VET,702,Aston Martin,Mercedes M13 E,9,1:30.554,6,1:47.053,,6 +3,8,38.333,47.671,20.694,1:46.698,265.8,290.0,247.6,281.0,,
Japanese,13,VET,702,Aston Martin,Mercedes M13 E,9,1:30.554,6,1:46.964,,6 +3,8,38.333,47.671,20.694,1:46.698,265.8,290.0,247.6,281.0,,
Japanese,14,VET,702,Aston Martin,Mercedes M13 E,9,1:30.554,6,1:46.988,,6 +3,8,38.333,47.671,20.694,1:46.698,265.8,290.0,247.6,281.0,,
Japanese,15,VET,702,Aston Martin,Mercedes M13 E,9,1:30.554,6,1:47.746,,6 +3,8,38.333,47.671,20.694,1:46.698,265.8,290.0,247.6,281.0,,
Japanese,16,VET,702,Aston Martin,Mercedes M13 E,9,1:30.554,6,1:48.222,,6 +3,8,38.333,47.671,20.694,1:46.698,265.8,290.0,247.6,281.0,,
Japanese,17,VET,702,Aston Martin,Mercedes M13 E,9,1:30.554,6,1:48.993,,6 +3,8,38.333,47.671,20.694,1:46.698,265.8,290.0,247.6,281.0,,
Japanese,18,VET,702,Aston Martin,Mercedes M13 E,9,1:30.554,6,1:48.714,,6 +3,8,38.333,47.671,20.694,1:46.698,265.8,290.0,247.6,281.0,,
Japanese,19,VET,702,Aston Martin,Mercedes M13 E,9,1:30.554,6,1:48.624,,6 +3,8,38.333,47.671,20.694,1:46.698,265.8,290.0,247.6,281.0,,
Japanese,20,VET,702,Aston Martin,Mercedes M13 E,9,1:30.554,6,1:49.064,,6 +3,8,38.333,47.671,20.694,1:46.698,265.8,290.0,247.6,281.0,,
Japanese,21,VET,702,Aston Martin,Mercedes M13 E,9,1:30.554,6,1:48.803,,6 +3,8,38.333,47.671,20.694,1:46.698,265.8,290.0,247.6,281.0,,
Japanese,22,VET,702,Aston Martin,Mercedes M13 E,9,1:30.554,6,1:49.224,,6 +3,8,38.333,47.671,20.694,1:46.698,265.8,290.0,247.6,281.0,,
Japanese,23,VET,702,Aston Martin,Mercedes M13 E,9,1:30.554,6,1:48.978,,6 +3,8,38.333,47.671,20.694,1:46.698,265.8,290.0,247.6,281.0,,
Japanese,24,VET,702,Aston Martin,Mercedes M13 E,9,1:30.554,6,1:49.423,,6 +3,8,38.333,47.671,20.694,1:46.698,265.8,290.0,247.6,281.0,,
Japanese,25,VET,702,Aston Martin,Mercedes M13 E,9,1:30.554,6,1:49.208,,6 +3,8,38.333,47.671,20.694,1:46.698,265.8,290.0,247.6,281.0,,
Japanese,26,VET,702,Aston Martin,Mercedes M13 E,9,1:30.554,6,1:49.358,,6 +3,8,38.333,47.671,20.694,1:46.698,265.8,290.0,247.6,281.0,,
Japanese,27,VET,702,Aston Martin,Mercedes M13 E,9,1:30.554,6,1:49.822,,6 +3,8,38.333,47.671,20.694,1:46.698,265.8,290.0,247.6,281.0,,
Japanese,28,VET,702,Aston Martin,Mercedes M13 E,9,1:30.554,6,1:50.368,,6 +3,8,38.333,47.671,20.694,1:46.698,265.8,290.0,247.6,281.0,,
Japanese,Start,ALO,239,Alpine,Renault E-Tech RE22,7,1:30.322,7,,,7,6,37.413,46.377,20.145,1:43.935,270.0,299.3,252.3,294.3,,
Japanese,1,ALO,239,Alpine,Renault E-Tech RE22,7,1:30.322,6,2:19.009,,7,6,37.413,46.377,20.145,1:43.935,270.0,299.3,252.3,294.3,,
Japanese,2,ALO,239,Alpine,Renault E-Tech RE22,7,1:30.322,6,3:00.255,,7,6,37.413,46.377,20.145,1:43.935,270.0,299.3,252.3,294.3,,
Japanese,3,ALO,239,Alpine,Renault E-Tech RE22,7,1:30.322,6,9:11.291,,7,6,37.413,46.377,20.145,1:43.935,270.0,299.3,252.3,294.3,,
Japanese,4,ALO,239,Alpine,Renault E-Tech RE22,7,1:30.322,6,2:47.059,,7,6,37.413,46.377,20.145,1:43.935,270.0,299.3,252.3,294.3,,
Japanese,5,ALO,239,Alpine,Renault E-Tech RE22,7,1:30.322,6,2:54.046,,7,6,37.413,46.377,20.145,1:43.935,270.0,299.3,252.3,294.3,,
Japanese,6,ALO,239,Alpine,Renault E-Tech RE22,7,1:30.322,6,1:56.300,,7,6,37.413,46.377,20.145,1:43.935,270.0,299.3,252.3,294.3,,
Japanese,7,ALO,239,Alpine,Renault E-Tech RE22,7,1:30.322,5,1:53.315,,7,6,37.413,46.377,20.145,1:43.935,270.0,299.3,252.3,294.3,,
Japanese,8,ALO,239,Alpine,Renault E-Tech RE22,7,1:30.322,1,1:52.739,,7,6,37.413,46.377,20.145,1:43.935,270.0,299.3,252.3,294.3,,
Japanese,9,ALO,239,Alpine,Renault E-Tech RE22,7,1:30.322,9,2:12.203,,7,6,37.413,46.377,20.145,1:43.935,270.0,299.3,252.3,294.3,,
Japanese,10,ALO,239,Alpine,Renault E-Tech RE22,7,1:30.322,8,1:48.497,,7,6,37.413,46.377,20.145,1:43.935,270.0,299.3,252.3,294.3,,
Japanese,11,ALO,239,Alpine,Renault E-Tech RE22,7,1:30.322,7,1:49.226,,7,6,37.413,46.377,20.145,1:43.935,270.0,299.3,252.3,294.3,,
Japanese,12,ALO,239,Alpine,Renault E-Tech RE22,7,1:30.322,7,1:46.995,,7,6,37.413,46.377,20.145,1:43.935,270.0,299.3,252.3,294.3,,
Japanese,13,ALO,239,Alpine,Renault E-Tech RE22,7,1:30.322,7,1:46.965,,7,6,37.413,46.377,20.145,1:43.935,270.0,299.3,252.3,294.3,,
Japanese,14,ALO,239,Alpine,Renault E-Tech RE22,7,1:30.322,7,1:46.677,,7,6,37.413,46.377,20.145,1:43.935,270.0,299.3,252.3,294.3,,
Japanese,15,ALO,239,Alpine,Renault E-Tech RE22,7,1:30.322,7,1:47.525,,7,6,37.413,46.377,20.145,1:43.935,270.0,299.3,252.3,294.3,,
Japanese,16,ALO,239,Alpine,Renault E-Tech RE22,7,1:30.322,7,1:48.376,,7,6,37.413,46.377,20.145,1:43.935,270.0,299.3,252.3,294.3,,
Japanese,17,ALO,239,Alpine,Renault E-Tech RE22,7,1:30.322,7,1:48.726,,7,6,37.413,46.377,20.145,1:43.935,270.0,299.3,252.3,294.3,,
Japanese,18,ALO,239,Alpine,Renault E-Tech RE22,7,1:30.322,7,1:48.852,,7,6,37.413,46.377,20.145,1:43.935,270.0,299.3,252.3,294.3,,
Japanese,19,ALO,239,Alpine,Renault E-Tech RE22,7,1:30.322,7,1:48.965,,7,6,37.413,46.377,20.145,1:43.935,270.0,299.3,252.3,294.3,,
Japanese,20,ALO,239,Alpine,Renault E-Tech RE22,7,1:30.322,7,1:49.103,,7,6,37.413,46.377,20.145,1:43.935,270.0,299.3,252.3,294.3,,
Japanese,21,ALO,239,Alpine,Renault E-Tech RE22,7,1:30.322,7,1:49.038,,7,6,37.413,46.377,20.145,1:43.935,270.0,299.3,252.3,294.3,,
Japanese,22,ALO,239,Alpine,Renault E-Tech RE22,7,1:30.322,7,1:51.629,,7,6,37.413,46.377,20.145,1:43.935,270.0,299.3,252.3,294.3,,
Japanese,23,ALO,239,Alpine,Renault E-Tech RE22,7,1:30.322,9,2:05.304,,7,6,37.413,46.377,20.145,1:43.935,270.0,299.3,252.3,294.3,,
Japanese,24,ALO,239,Alpine,Renault E-Tech RE22,7,1:30.322,8,1:44.469,,7,6,37.413,46.377,20.145,1:43.935,270.0,299.3,252.3,294.3,,
Japanese,25,ALO,239,Alpine,Renault E-Tech RE22,7,1:30.322,8,1:44.412,,7,6,37.413,46.377,20.145,1:43.935,270.0,299.3,252.3,294.3,,
Japanese,26,ALO,239,Alpine,Renault E-Tech RE22,7,1:30.322,8,1:45.047,,7,6,37.413,46.377,20.145,1:43.935,270.0,299.3,252.3,294.3,,
Japanese,27,ALO,239,Alpine,Renault E-Tech RE22,7,1:30.322,8,1:46.296,,7,6,37.413,46.377,20.145,1:43.935,270.0,299.3,252.3,294.3,,
Japanese,28,ALO,239,Alpine,Renault E-Tech RE22,7,1:30.322,7,1:48.054,,7,6,37.413,46.377,20.145,1:43.935,270.0,299.3,252.3,294.3,,
Japanese,Start,RUS,840,Mercedes,Mercedes M13 E,8,1:30.389,8,,,8,4,38.618,47.585,20.502,1:46.705,269.5,293.7,248.3,285.4,,
Japanese,1,RUS,840,Mercedes,Mercedes M13 E,8,1:30.389,7,2:22.299,,8,4,38.618,47.585,20.502,1:46.705,269.5,293.7,248.3,285.4,,
Japanese,2,RUS,840,Mercedes,Mercedes M13 E,8,1:30.389,7,2:59.723,,8,4,38.618,47.585,20.502,1:46.705,269.5,293.7,248.3,285.4,,
Japanese,3,RUS,840,Mercedes,Mercedes M13 E,8,1:30.389,7,9:10.782,,8,4,38.618,47.585,20.502,1:46.705,269.5,293.7,248.3,285.4,,
Japanese,4,RUS,840,Mercedes,Mercedes M13 E,8,1:30.389,7,2:46.511,,8,4,38.618,47.585,20.502,1:46.705,269.5,293.7,248.3,285.4,,
Japanese,5,RUS,840,Mercedes,Mercedes M13 E,8,1:30.389,7,2:52.980,,8,4,38.618,47.585,20.502,1:46.705,269.5,293.7,248.3,285.4,,
Japanese,6,RUS,840,Mercedes,Mercedes M13 E,8,1:30.389,7,1:57.437,,8,4,38.618,47.585,20.502,1:46.705,269.5,293.7,248.3,285.4,,
Japanese,7,RUS,840,Mercedes,Mercedes M13 E,8,1:30.389,7,1:56.796,,8,4,38.618,47.585,20.502,1:46.705,269.5,293.7,248.3,285.4,,
Japanese,8,RUS,840,Mercedes,Mercedes M13 E,8,1:30.389,14,2:16.643,,8,4,38.618,47.585,20.502,1:46.705,269.5,293.7,248.3,285.4,,
Japanese,9,RUS,840,Mercedes,Mercedes M13 E,8,1:30.389,13,1:48.586,,8,4,38.618,47.585,20.502,1:46.705,269.5,293.7,248.3,285.4,,
Japanese,10,RUS,840,Mercedes,Mercedes M13 E,8,1:30.389,12,1:48.568,,8,4,38.618,47.585,20.502,1:46.705,269.5,293.7,248.3,285.4,,
Japanese,11,RUS,840,Mercedes,Mercedes M13 E,8,1:30.389,11,1:48.944,,8,4,38.618,47.585,20.502,1:46.705,269.5,293.7,248.3,285.4,,
Japanese,12,RUS,840,Mercedes,Mercedes M13 E,8,1:30.389,11,1:48.830,,8,4,38.618,47.585,20.502,1:46.705,269.5,293.7,248.3,285.4,,
Japanese,13,RUS,840,Mercedes,Mercedes M13 E,8,1:30.389,11,1:48.439,,8,4,38.618,47.585,20.502,1:46.705,269.5,293.7,248.3,285.4,,
Japanese,14,RUS,840,Mercedes,Mercedes M13 E,8,1:30.389,11,1:49.056,,8,4,38.618,47.585,20.502,1:46.705,269.5,293.7,248.3,285.4,,
Japanese,15,RUS,840,Mercedes,Mercedes M13 E,8,1:30.389,9,1:48.365,,8,4,38.618,47.585,20.502,1:46.705,269.5,293.7,248.3,285.4,,
Japanese,16,RUS,840,Mercedes,Mercedes M13 E,8,1:30.389,9,1:48.384,,8,4,38.618,47.585,20.502,1:46.705,269.5,293.7,248.3,285.4,,
Japanese,17,RUS,840,Mercedes,Mercedes M13 E,8,1:30.389,9,1:48.416,,8,4,38.618,47.585,20.502,1:46.705,269.5,293.7,248.3,285.4,,
Japanese,18,RUS,840,Mercedes,Mercedes M13 E,8,1:30.389,9,1:48.877,,8,4,38.618,47.585,20.502,1:46.705,269.5,293.7,248.3,285.4,,
Japanese,19,RUS,840,Mercedes,Mercedes M13 E,8,1:30.389,9,1:49.097,,8,4,38.618,47.585,20.502,1:46.705,269.5,293.7,248.3,285.4,,
Japanese,20,RUS,840,Mercedes,Mercedes M13 E,8,1:30.389,8,1:47.622,,8,4,38.618,47.585,20.502,1:46.705,269.5,293.7,248.3,285.4,,
Japanese,21,RUS,840,Mercedes,Mercedes M13 E,8,1:30.389,8,1:47.004,,8,4,38.618,47.585,20.502,1:46.705,269.5,293.7,248.3,285.4,,
Japanese,22,RUS,840,Mercedes,Mercedes M13 E,8,1:30.389,8,1:47.663,,8,4,38.618,47.585,20.502,1:46.705,269.5,293.7,248.3,285.4,,
Japanese,23,RUS,840,Mercedes,Mercedes M13 E,8,1:30.389,7,1:48.097,,8,4,38.618,47.585,20.502,1:46.705,269.5,293.7,248.3,285.4,,
Japanese,24,RUS,840,Mercedes,Mercedes M13 E,8,1:30.389,7,1:48.055,,8,4,38.618,47.585,20.502,1:46.705,269.5,293.7,248.3,285.4,,
Japanese,25,RUS,840,Mercedes,Mercedes M13 E,8,1:30.389,7,1:48.738,,8,4,38.618,47.585,20.502,1:46.705,269.5,293.7,248.3,285.4,,
Japanese,26,RUS,840,Mercedes,Mercedes M13 E,8,1:30.389,7,1:47.709,,8,4,38.618,47.585,20.502,1:46.705,269.5,293.7,248.3,285.4,,
Japanese,27,RUS,840,Mercedes,Mercedes M13 E,8,1:30.389,7,1:48.359,,8,4,38.618,47.585,20.502,1:46.705,269.5,293.7,248.3,285.4,,
Japanese,28,RUS,840,Mercedes,Mercedes M13 E,8,1:30.389,8,1:49.685,,8,4,38.618,47.585,20.502,1:46.705,269.5,293.7,248.3,285.4,,
Japanese,Start,LAT,841,Williams,Mercedes M13 E,19,1:31.511,19,,,9 +10,2,39.336,48.035,20.733,1:48.104,276.3,302.7,251.6,280.5,,
Japanese,1,LAT,841,Williams,Mercedes M13 E,19,1:31.511,15,2:38.944,,9 +10,2,39.336,48.035,20.733,1:48.104,276.3,302.7,251.6,280.5,,
Japanese,2,LAT,841,Williams,Mercedes M13 E,19,1:31.511,15,3:03.734,,9 +10,2,39.336,48.035,20.733,1:48.104,276.3,302.7,251.6,280.5,,
Japanese,3,LAT,841,Williams,Mercedes M13 E,19,1:31.511,15,9:01.634,,9 +10,2,39.336,48.035,20.733,1:48.104,276.3,302.7,251.6,280.5,,
Japanese,4,LAT,841,Williams,Mercedes M13 E,19,1:31.511,15,2:47.472,,9 +10,2,39.336,48.035,20.733,1:48.104,276.3,302.7,251.6,280.5,,
Japanese,5,LAT,841,Williams,Mercedes M13 E,19,1:31.511,17,2:51.537,,9 +10,2,39.336,48.035,20.733,1:48.104,276.3,302.7,251.6,280.5,,
Japanese,6,LAT,841,Williams,Mercedes M13 E,19,1:31.511,18,2:15.690,,9 +10,2,39.336,48.035,20.733,1:48.104,276.3,302.7,251.6,280.5,,
Japanese,7,LAT,841,Williams,Mercedes M13 E,19,1:31.511,16,1:48.663,,9 +10,2,39.336,48.035,20.733,1:48.104,276.3,302.7,251.6,280.5,,
Japanese,8,LAT,841,Williams,Mercedes M13 E,19,1:31.511,11,1:49.015,,9 +10,2,39.336,48.035,20.733,1:48.104,276.3,302.7,251.6,280.5,,
Japanese,9,LAT,841,Williams,Mercedes M13 E,19,1:31.511,10,1:50.071,,9 +10,2,39.336,48.035,20.733,1:48.104,276.3,302.7,251.6,280.5,,
Japanese,10,LAT,841,Williams,Mercedes M13 E,19,1:31.511,9,1:48.919,,9 +10,2,39.336,48.035,20.733,1:48.104,276.3,302.7,251.6,280.5,,
Japanese,11,LAT,841,Williams,Mercedes M13 E,19,1:31.511,8,1:49.947,,9 +10,2,39.336,48.035,20.733,1:48.104,276.3,302.7,251.6,280.5,,
Japanese,12,LAT,841,Williams,Mercedes M13 E,19,1:31.511,8,1:48.371,,9 +10,2,39.336,48.035,20.733,1:48.104,276.3,302.7,251.6,280.5,,
Japanese,13,LAT,841,Williams,Mercedes M13 E,19,1:31.511,8,1:48.641,,9 +10,2,39.336,48.035,20.733,1:48.104,276.3,302.7,251.6,280.5,,
Japanese,14,LAT,841,Williams,Mercedes M13 E,19,1:31.511,8,1:48.606,,9 +10,2,39.336,48.035,20.733,1:48.104,276.3,302.7,251.6,280.5,,
Japanese,15,LAT,841,Williams,Mercedes M13 E,19,1:31.511,8,1:49.155,,9 +10,2,39.336,48.035,20.733,1:48.104,276.3,302.7,251.6,280.5,,
Japanese,16,LAT,841,Williams,Mercedes M13 E,19,1:31.511,8,1:48.893,,9 +10,2,39.336,48.035,20.733,1:48.104,276.3,302.7,251.6,280.5,,
Japanese,17,LAT,841,Williams,Mercedes M13 E,19,1:31.511,8,1:49.366,,9 +10,2,39.336,48.035,20.733,1:48.104,276.3,302.7,251.6,280.5,,
Japanese,18,LAT,841,Williams,Mercedes M13 E,19,1:31.511,8,1:49.570,,9 +10,2,39.336,48.035,20.733,1:48.104,276.3,302.7,251.6,280.5,,
Japanese,19,LAT,841,Williams,Mercedes M13 E,19,1:31.511,8,1:49.954,,9 +10,2,39.336,48.035,20.733,1:48.104,276.3,302.7,251.6,280.5,,
Japanese,20,LAT,841,Williams,Mercedes M13 E,19,1:31.511,9,1:51.084,,9 +10,2,39.336,48.035,20.733,1:48.104,276.3,302.7,251.6,280.5,,
Japanese,21,LAT,841,Williams,Mercedes M13 E,19,1:31.511,9,1:50.594,,9 +10,2,39.336,48.035,20.733,1:48.104,276.3,302.7,251.6,280.5,,
Japanese,22,LAT,841,Williams,Mercedes M13 E,19,1:31.511,9,1:50.087,,9 +10,2,39.336,48.035,20.733,1:48.104,276.3,302.7,251.6,280.5,,
Japanese,23,LAT,841,Williams,Mercedes M13 E,19,1:31.511,8,1:49.876,,9 +10,2,39.336,48.035,20.733,1:48.104,276.3,302.7,251.6,280.5,,
Japanese,24,LAT,841,Williams,Mercedes M13 E,19,1:31.511,9,1:51.378,,9 +10,2,39.336,48.035,20.733,1:48.104,276.3,302.7,251.6,280.5,,
Japanese,25,LAT,841,Williams,Mercedes M13 E,19,1:31.511,9,1:50.665,,9 +10,2,39.336,48.035,20.733,1:48.104,276.3,302.7,251.6,280.5,,
Japanese,26,LAT,841,Williams,Mercedes M13 E,19,1:31.511,9,1:50.697,,9 +10,2,39.336,48.035,20.733,1:48.104,276.3,302.7,251.6,280.5,,
Japanese,27,LAT,841,Williams,Mercedes M13 E,19,1:31.511,9,1:50.878,,9 +10,2,39.336,48.035,20.733,1:48.104,276.3,302.7,251.6,280.5,,
Japanese,28,LAT,841,Williams,Mercedes M13 E,19,1:31.511,9,1:50.706,,9 +10,2,39.336,48.035,20.733,1:48.104,276.3,302.7,251.6,280.5,,
Japanese,Start,NOR,842,McLaren,Mercedes M13 E,10,1:31.003,10,,,10,1,38.650,48.517,20.851,1:48.018,270.4,295.8,246.8,286.4,,
Japanese,1,NOR,842,McLaren,Mercedes M13 E,10,1:31.003,13,2:34.186,,10,1,38.650,48.517,20.851,1:48.018,270.4,295.8,246.8,286.4,,
Japanese,2,NOR,842,McLaren,Mercedes M13 E,10,1:31.003,13,3:03.799,,10,1,38.650,48.517,20.851,1:48.018,270.4,295.8,246.8,286.4,,
Japanese,3,NOR,842,McLaren,Mercedes M13 E,10,1:31.003,13,9:01.923,,10,1,38.650,48.517,20.851,1:48.018,270.4,295.8,246.8,286.4,,
Japanese,4,NOR,842,McLaren,Mercedes M13 E,10,1:31.003,13,2:47.589,,10,1,38.650,48.517,20.851,1:48.018,270.4,295.8,246.8,286.4,,
Japanese,5,NOR,842,McLaren,Mercedes M13 E,10,1:31.003,13,2:49.411,,10,1,38.650,48.517,20.851,1:48.018,270.4,295.8,246.8,286.4,,
Japanese,6,NOR,842,McLaren,Mercedes M13 E,10,1:31.003,13,2:02.340,,10,1,38.650,48.517,20.851,1:48.018,270.4,295.8,246.8,286.4,,
Japanese,7,NOR,842,McLaren,Mercedes M13 E,10,1:31.003,17,2:11.652,,10,1,38.650,48.517,20.851,1:48.018,270.4,295.8,246.8,286.4,,
Japanese,8,NOR,842,McLaren,Mercedes M13 E,10,1:31.003,12,1:48.175,,10,1,38.650,48.517,20.851,1:48.018,270.4,295.8,246.8,286.4,,
Japanese,9,NOR,842,McLaren,Mercedes M13 E,10,1:31.003,11,1:48.837,,10,1,38.650,48.517,20.851,1:48.018,270.4,295.8,246.8,286.4,,
Japanese,10,NOR,842,McLaren,Mercedes M13 E,10,1:31.003,10,1:48.942,,10,1,38.650,48.517,20.851,1:48.018,270.4,295.8,246.8,286.4,,
Japanese,11,NOR,842,McLaren,Mercedes M13 E,10,1:31.003,9,1:50.127,,10,1,38.650,48.517,20.851,1:48.018,270.4,295.8,246.8,286.4,,
Japanese,12,NOR,842,McLaren,Mercedes M13 E,10,1:31.003,9,1:48.984,,10,1,38.650,48.517,20.851,1:48.018,270.4,295.8,246.8,286.4,,
Japanese,13,NOR,842,McLaren,Mercedes M13 E,10,1:31.003,9,1:48.788,,10,1,38.650,48.517,20.851,1:48.018,270.4,295.8,246.8,286.4,,
Japanese,14,NOR,842,McLaren,Mercedes M13 E,10,1:31.003,9,1:49.358,,10,1,38.650,48.517,20.851,1:48.018,270.4,295.8,246.8,286.4,,
Japanese,15,NOR,842,McLaren,Mercedes M13 E,10,1:31.003,10,1:50.540,,10,1,38.650,48.517,20.851,1:48.018,270.4,295.8,246.8,286.4,,
Japanese,16,NOR,842,McLaren,Mercedes M13 E,10,1:31.003,10,1:50.681,,10,1,38.650,48.517,20.851,1:48.018,270.4,295.8,246.8,286.4,,
Japanese,17,NOR,842,McLaren,Mercedes M13 E,10,1:31.003,10,1:50.079,,10,1,38.650,48.517,20.851,1:48.018,270.4,295.8,246.8,286.4,,
Japanese,18,NOR,842,McLaren,Mercedes M13 E,10,1:31.003,10,1:49.576,,10,1,38.650,48.517,20.851,1:48.018,270.4,295.8,246.8,286.4,,
Japanese,19,NOR,842,McLaren,Mercedes M13 E,10,1:31.003,10,1:49.717,,10,1,38.650,48.517,20.851,1:48.018,270.4,295.8,246.8,286.4,,
Japanese,20,NOR,842,McLaren,Mercedes M13 E,10,1:31.003,10,1:49.913,,10,1,38.650,48.517,20.851,1:48.018,270.4,295.8,246.8,286.4,,
Japanese,21,NOR,842,McLaren,Mercedes M13 E,10,1:31.003,10,1:49.723,,10,1,38.650,48.517,20.851,1:48.018,270.4,295.8,246.8,286.4,,
Japanese,22,NOR,842,McLaren,Mercedes M13 E,10,1:31.003,10,1:49.339,,10,1,38.650,48.517,20.851,1:48.018,270.4,295.8,246.8,286.4,,
Japanese,23,NOR,842,McLaren,Mercedes M13 E,10,1:31.003,10,1:50.008,,10,1,38.650,48.517,20.851,1:48.018,270.4,295.8,246.8,286.4,,
Japanese,24,NOR,842,McLaren,Mercedes M13 E,10,1:31.003,10,1:49.644,,10,1,38.650,48.517,20.851,1:48.018,270.4,295.8,246.8,286.4,,
Japanese,25,NOR,842,McLaren,Mercedes M13 E,10,1:31.003,10,1:50.130,,10,1,38.650,48.517,20.851,1:48.018,270.4,295.8,246.8,286.4,,
Japanese,26,NOR,842,McLaren,Mercedes M13 E,10,1:31.003,10,1:50.237,,10,1,38.650,48.517,20.851,1:48.018,270.4,295.8,246.8,286.4,,
Japanese,27,NOR,842,McLaren,Mercedes M13 E,10,1:31.003,10,1:50.435,,10,1,38.650,48.517,20.851,1:48.018,270.4,295.8,246.8,286.4,,
Japanese,28,NOR,842,McLaren,Mercedes M13 E,10,1:31.003,10,1:50.653,,10,1,38.650,48.517,20.851,1:48.018,270.4,295.8,246.8,286.4,,
Japanese,Start,RIC,786,McLaren,Mercedes M13 E,11,1:30.659,11,,,11,0,39.036,47.988,20.746,1:47.770,270.1,293.7,248.1,286.1,,
Japanese,1,RIC,786,McLaren,Mercedes M13 E,11,1:30.659,8,2:24.913,,11,0,39.036,47.988,20.746,1:47.770,270.1,293.7,248.1,286.1,,
Japanese,2,RIC,786,McLaren,Mercedes M13 E,11,1:30.659,8,2:59.276,,11,0,39.036,47.988,20.746,1:47.770,270.1,293.7,248.1,286.1,,
Japanese,3,RIC,786,McLaren,Mercedes M13 E,11,1:30.659,8,9:10.080,,11,0,39.036,47.988,20.746,1:47.770,270.1,293.7,248.1,286.1,,
Japanese,4,RIC,786,McLaren,Mercedes M13 E,11,1:30.659,8,2:45.979,,11,0,39.036,47.988,20.746,1:47.770,270.1,293.7,248.1,286.1,,
Japanese,5,RIC,786,McLaren,Mercedes M13 E,11,1:30.659,8,2:52.881,,11,0,39.036,47.988,20.746,1:47.770,270.1,293.7,248.1,286.1,,
Japanese,6,RIC,786,McLaren,Mercedes M13 E,11,1:30.659,8,1:58.762,,11,0,39.036,47.988,20.746,1:47.770,270.1,293.7,248.1,286.1,,
Japanese,7,RIC,786,McLaren,Mercedes M13 E,11,1:30.659,8,1:54.988,,11,0,39.036,47.988,20.746,1:47.770,270.1,293.7,248.1,286.1,,
Japanese,8,RIC,786,McLaren,Mercedes M13 E,11,1:30.659,3,1:55.504,,11,0,39.036,47.988,20.746,1:47.770,270.1,293.7,248.1,286.1,,
Japanese,9,RIC,786,McLaren,Mercedes M13 E,11,1:30.659,15,2:14.512,,11,0,39.036,47.988,20.746,1:47.770,270.1,293.7,248.1,286.1,,
Japanese,10,RIC,786,McLaren,Mercedes M13 E,11,1:30.659,14,1:48.046,,11,0,39.036,47.988,20.746,1:47.770,270.1,293.7,248.1,286.1,,
Japanese,11,RIC,786,McLaren,Mercedes M13 E,11,1:30.659,14,1:47.843,,11,0,39.036,47.988,20.746,1:47.770,270.1,293.7,248.1,286.1,,
Japanese,12,RIC,786,McLaren,Mercedes M13 E,11,1:30.659,13,1:48.404,,11,0,39.036,47.988,20.746,1:47.770,270.1,293.7,248.1,286.1,,
Japanese,13,RIC,786,McLaren,Mercedes M13 E,11,1:30.659,13,1:48.845,,11,0,39.036,47.988,20.746,1:47.770,270.1,293.7,248.1,286.1,,
Japanese,14,RIC,786,McLaren,Mercedes M13 E,11,1:30.659,13,1:49.269,,11,0,39.036,47.988,20.746,1:47.770,270.1,293.7,248.1,286.1,,
Japanese,15,RIC,786,McLaren,Mercedes M13 E,11,1:30.659,13,1:49.927,,11,0,39.036,47.988,20.746,1:47.770,270.1,293.7,248.1,286.1,,
Japanese,16,RIC,786,McLaren,Mercedes M13 E,11,1:30.659,13,1:50.509,,11,0,39.036,47.988,20.746,1:47.770,270.1,293.7,248.1,286.1,,
Japanese,17,RIC,786,McLaren,Mercedes M13 E,11,1:30.659,13,1:50.327,,11,0,39.036,47.988,20.746,1:47.770,270.1,293.7,248.1,286.1,,
Japanese,18,RIC,786,McLaren,Mercedes M13 E,11,1:30.659,13,1:50.202,,11,0,39.036,47.988,20.746,1:47.770,270.1,293.7,248.1,286.1,,
Japanese,19,RIC,786,McLaren,Mercedes M13 E,11,1:30.659,13,1:50.807,,11,0,39.036,47.988,20.746,1:47.770,270.1,293.7,248.1,286.1,,
Japanese,20,RIC,786,McLaren,Mercedes M13 E,11,1:30.659,12,1:49.513,,11,0,39.036,47.988,20.746,1:47.770,270.1,293.7,248.1,286.1,,
Japanese,21,RIC,786,McLaren,Mercedes M13 E,11,1:30.659,11,1:49.453,,11,0,39.036,47.988,20.746,1:47.770,270.1,293.7,248.1,286.1,,
Japanese,22,RIC,786,McLaren,Mercedes M13 E,11,1:30.659,11,1:49.177,,11,0,39.036,47.988,20.746,1:47.770,270.1,293.7,248.1,286.1,,
Japanese,23,RIC,786,McLaren,Mercedes M13 E,11,1:30.659,11,1:49.707,,11,0,39.036,47.988,20.746,1:47.770,270.1,293.7,248.1,286.1,,
Japanese,24,RIC,786,McLaren,Mercedes M13 E,11,1:30.659,11,1:49.624,,11,0,39.036,47.988,20.746,1:47.770,270.1,293.7,248.1,286.1,,
Japanese,25,RIC,786,McLaren,Mercedes M13 E,11,1:30.659,11,1:49.437,,11,0,39.036,47.988,20.746,1:47.770,270.1,293.7,248.1,286.1,,
Japanese,26,RIC,786,McLaren,Mercedes M13 E,11,1:30.659,11,1:49.538,,11,0,39.036,47.988,20.746,1:47.770,270.1,293.7,248.1,286.1,,
Japanese,27,RIC,786,McLaren,Mercedes M13 E,11,1:30.659,11,1:49.793,,11,0,39.036,47.988,20.746,1:47.770,270.1,293.7,248.1,286.1,,
Japanese,28,RIC,786,McLaren,Mercedes M13 E,11,1:30.659,11,1:49.565,,11,0,39.036,47.988,20.746,1:47.770,270.1,293.7,248.1,286.1,,
Japanese,Start,STR,835,Aston Martin,Mercedes M13 E,18,1:31.419,18,,,12 +6,0,37.912,46.630,20.324,1:44.866,267.7,292.2,247.9,283.9,,
Japanese,1,STR,835,Aston Martin,Mercedes M13 E,18,1:31.419,11,2:30.337,,12 +6,0,37.912,46.630,20.324,1:44.866,267.7,292.2,247.9,283.9,,
Japanese,2,STR,835,Aston Martin,Mercedes M13 E,18,1:31.419,11,3:04.261,,12 +6,0,37.912,46.630,20.324,1:44.866,267.7,292.2,247.9,283.9,,
Japanese,3,STR,835,Aston Martin,Mercedes M13 E,18,1:31.419,11,9:03.113,,12 +6,0,37.912,46.630,20.324,1:44.866,267.7,292.2,247.9,283.9,,
Japanese,4,STR,835,Aston Martin,Mercedes M13 E,18,1:31.419,11,2:45.927,,12 +6,0,37.912,46.630,20.324,1:44.866,267.7,292.2,247.9,283.9,,
Japanese,5,STR,835,Aston Martin,Mercedes M13 E,18,1:31.419,11,2:51.170,,12 +6,0,37.912,46.630,20.324,1:44.866,267.7,292.2,247.9,283.9,,
Japanese,6,STR,835,Aston Martin,Mercedes M13 E,18,1:31.419,12,2:00.467,,12 +6,0,37.912,46.630,20.324,1:44.866,267.7,292.2,247.9,283.9,,
Japanese,7,STR,835,Aston Martin,Mercedes M13 E,18,1:31.419,13,1:58.562,,12 +6,0,37.912,46.630,20.324,1:44.866,267.7,292.2,247.9,283.9,,
Japanese,8,STR,835,Aston Martin,Mercedes M13 E,18,1:31.419,15,2:10.741,,12 +6,0,37.912,46.630,20.324,1:44.866,267.7,292.2,247.9,283.9,,
Japanese,9,STR,835,Aston Martin,Mercedes M13 E,18,1:31.419,14,1:48.388,,12 +6,0,37.912,46.630,20.324,1:44.866,267.7,292.2,247.9,283.9,,
Japanese,10,STR,835,Aston Martin,Mercedes M13 E,18,1:31.419,13,1:48.474,,12 +6,0,37.912,46.630,20.324,1:44.866,267.7,292.2,247.9,283.9,,
Japanese,11,STR,835,Aston Martin,Mercedes M13 E,18,1:31.419,12,1:49.142,,12 +6,0,37.912,46.630,20.324,1:44.866,267.7,292.2,247.9,283.9,,
Japanese,12,STR,835,Aston Martin,Mercedes M13 E,18,1:31.419,12,1:49.389,,12 +6,0,37.912,46.630,20.324,1:44.866,267.7,292.2,247.9,283.9,,
Japanese,13,STR,835,Aston Martin,Mercedes M13 E,18,1:31.419,12,1:48.600,,12 +6,0,37.912,46.630,20.324,1:44.866,267.7,292.2,247.9,283.9,,
Japanese,14,STR,835,Aston Martin,Mercedes M13 E,18,1:31.419,12,1:49.289,,12 +6,0,37.912,46.630,20.324,1:44.866,267.7,292.2,247.9,283.9,,
Japanese,15,STR,835,Aston Martin,Mercedes M13 E,18,1:31.419,12,1:49.281,,12 +6,0,37.912,46.630,20.324,1:44.866,267.7,292.2,247.9,283.9,,
Japanese,16,STR,835,Aston Martin,Mercedes M13 E,18,1:31.419,12,1:49.813,,12 +6,0,37.912,46.630,20.324,1:44.866,267.7,292.2,247.9,283.9,,
Japanese,17,STR,835,Aston Martin,Mercedes M13 E,18,1:31.419,12,1:49.852,,12 +6,0,37.912,46.630,20.324,1:44.866,267.7,292.2,247.9,283.9,,
Japanese,18,STR,835,Aston Martin,Mercedes M13 E,18,1:31.419,12,1:50.399,,12 +6,0,37.912,46.630,20.324,1:44.866,267.7,292.2,247.9,283.9,,
Japanese,19,STR,835,Aston Martin,Mercedes M13 E,18,1:31.419,12,1:52.859,,12 +6,0,37.912,46.630,20.324,1:44.866,267.7,292.2,247.9,283.9,,
Japanese,20,STR,835,Aston Martin,Mercedes M13 E,18,1:31.419,16,2:05.880,,12 +6,0,37.912,46.630,20.324,1:44.866,267.7,292.2,247.9,283.9,,
Japanese,21,STR,835,Aston Martin,Mercedes M13 E,18,1:31.419,15,1:45.205,,12 +6,0,37.912,46.630,20.324,1:44.866,267.7,292.2,247.9,283.9,,
Japanese,22,STR,835,Aston Martin,Mercedes M13 E,18,1:31.419,14,1:47.493,,12 +6,0,37.912,46.630,20.324,1:44.866,267.7,292.2,247.9,283.9,,
Japanese,23,STR,835,Aston Martin,Mercedes M13 E,18,1:31.419,13,1:47.396,,12 +6,0,37.912,46.630,20.324,1:44.866,267.7,292.2,247.9,283.9,,
Japanese,24,STR,835,Aston Martin,Mercedes M13 E,18,1:31.419,12,1:47.181,,12 +6,0,37.912,46.630,20.324,1:44.866,267.7,292.2,247.9,283.9,,
Japanese,25,STR,835,Aston Martin,Mercedes M13 E,18,1:31.419,12,1:47.304,,12 +6,0,37.912,46.630,20.324,1:44.866,267.7,292.2,247.9,283.9,,
Japanese,26,STR,835,Aston Martin,Mercedes M13 E,18,1:31.419,12,1:48.102,,12 +6,0,37.912,46.630,20.324,1:44.866,267.7,292.2,247.9,283.9,,
Japanese,27,STR,835,Aston Martin,Mercedes M13 E,18,1:31.419,12,1:49.672,,12 +6,0,37.912,46.630,20.324,1:44.866,267.7,292.2,247.9,283.9,,
Japanese,28,STR,835,Aston Martin,Mercedes M13 E,18,1:31.419,12,1:49.611,,12 +6,0,37.912,46.630,20.324,1:44.866,267.7,292.2,247.9,283.9,,
Japanese,Start,TSU,849,AlphaTauri,Red Bull RBPTH001,13,1:30.808,13,,,13,0,38.143,47.209,20.349,1:45.701,271.8,305.7,256.2,276.2,,
Japanese,1,TSU,849,AlphaTauri,Red Bull RBPTH001,13,1:30.808,9,2:27.133,,13,0,38.143,47.209,20.349,1:45.701,271.8,305.7,256.2,276.2,,
Japanese,2,TSU,849,AlphaTauri,Red Bull RBPTH001,13,1:30.808,9,3:00.964,,13,0,38.143,47.209,20.349,1:45.701,271.8,305.7,256.2,276.2,,
Japanese,3,TSU,849,AlphaTauri,Red Bull RBPTH001,13,1:30.808,9,9:07.099,,13,0,38.143,47.209,20.349,1:45.701,271.8,305.7,256.2,276.2,,
Japanese,4,TSU,849,AlphaTauri,Red Bull RBPTH001,13,1:30.808,9,2:46.325,,13,0,38.143,47.209,20.349,1:45.701,271.8,305.7,256.2,276.2,,
Japanese,5,TSU,849,AlphaTauri,Red Bull RBPTH001,13,1:30.808,9,2:51.856,,13,0,38.143,47.209,20.349,1:45.701,271.8,305.7,256.2,276.2,,
Japanese,6,TSU,849,AlphaTauri,Red Bull RBPTH001,13,1:30.808,9,1:59.016,,13,0,38.143,47.209,20.349,1:45.701,271.8,305.7,256.2,276.2,,
Japanese,7,TSU,849,AlphaTauri,Red Bull RBPTH001,13,1:30.808,10,1:58.102,,13,0,38.143,47.209,20.349,1:45.701,271.8,305.7,256.2,276.2,,
Japanese,8,TSU,849,AlphaTauri,Red Bull RBPTH001,13,1:30.808,13,2:11.821,,13,0,38.143,47.209,20.349,1:45.701,271.8,305.7,256.2,276.2,,
Japanese,9,TSU,849,AlphaTauri,Red Bull RBPTH001,13,1:30.808,12,1:48.188,,13,0,38.143,47.209,20.349,1:45.701,271.8,305.7,256.2,276.2,,
Japanese,10,TSU,849,AlphaTauri,Red Bull RBPTH001,13,1:30.808,11,1:48.667,,13,0,38.143,47.209,20.349,1:45.701,271.8,305.7,256.2,276.2,,
Japanese,11,TSU,849,AlphaTauri,Red Bull RBPTH001,13,1:30.808,10,1:49.599,,13,0,38.143,47.209,20.349,1:45.701,271.8,305.7,256.2,276.2,,
Japanese,12,TSU,849,AlphaTauri,Red Bull RBPTH001,13,1:30.808,10,1:48.769,,13,0,38.143,47.209,20.349,1:45.701,271.8,305.7,256.2,276.2,,
Japanese,13,TSU,849,AlphaTauri,Red Bull RBPTH001,13,1:30.808,10,1:48.535,,13,0,38.143,47.209,20.349,1:45.701,271.8,305.7,256.2,276.2,,
Japanese,14,TSU,849,AlphaTauri,Red Bull RBPTH001,13,1:30.808,10,1:48.974,,13,0,38.143,47.209,20.349,1:45.701,271.8,305.7,256.2,276.2,,
Japanese,15,TSU,849,AlphaTauri,Red Bull RBPTH001,13,1:30.808,11,1:50.662,,13,0,38.143,47.209,20.349,1:45.701,271.8,305.7,256.2,276.2,,
Japanese,16,TSU,849,AlphaTauri,Red Bull RBPTH001,13,1:30.808,11,1:50.166,,13,0,38.143,47.209,20.349,1:45.701,271.8,305.7,256.2,276.2,,
Japanese,17,TSU,849,AlphaTauri,Red Bull RBPTH001,13,1:30.808,11,1:50.093,,13,0,38.143,47.209,20.349,1:45.701,271.8,305.7,256.2,276.2,,
Japanese,18,TSU,849,AlphaTauri,Red Bull RBPTH001,13,1:30.808,11,1:50.158,,13,0,38.143,47.209,20.349,1:45.701,271.8,305.7,256.2,276.2,,
Japanese,19,TSU,849,AlphaTauri,Red Bull RBPTH001,13,1:30.808,11,1:50.089,,13,0,38.143,47.209,20.349,1:45.701,271.8,305.7,256.2,276.2,,
Japanese,20,TSU,849,AlphaTauri,Red Bull RBPTH001,13,1:30.808,11,1:52.768,,13,0,38.143,47.209,20.349,1:45.701,271.8,305.7,256.2,276.2,,
Japanese,21,TSU,849,AlphaTauri,Red Bull RBPTH001,13,1:30.808,16,2:08.070,,13,0,38.143,47.209,20.349,1:45.701,271.8,305.7,256.2,276.2,,
Japanese,22,TSU,849,AlphaTauri,Red Bull RBPTH001,13,1:30.808,16,1:45.893,,13,0,38.143,47.209,20.349,1:45.701,271.8,305.7,256.2,276.2,,
Japanese,23,TSU,849,AlphaTauri,Red Bull RBPTH001,13,1:30.808,15,1:47.606,,13,0,38.143,47.209,20.349,1:45.701,271.8,305.7,256.2,276.2,,
Japanese,24,TSU,849,AlphaTauri,Red Bull RBPTH001,13,1:30.808,15,1:47.919,,13,0,38.143,47.209,20.349,1:45.701,271.8,305.7,256.2,276.2,,
Japanese,25,TSU,849,AlphaTauri,Red Bull RBPTH001,13,1:30.808,13,1:49.217,,13,0,38.143,47.209,20.349,1:45.701,271.8,305.7,256.2,276.2,,
Japanese,26,TSU,849,AlphaTauri,Red Bull RBPTH001,13,1:30.808,13,1:47.094,,13,0,38.143,47.209,20.349,1:45.701,271.8,305.7,256.2,276.2,,
Japanese,27,TSU,849,AlphaTauri,Red Bull RBPTH001,13,1:30.808,13,1:47.181,,13,0,38.143,47.209,20.349,1:45.701,271.8,305.7,256.2,276.2,,
Japanese,28,TSU,849,AlphaTauri,Red Bull RBPTH001,13,1:30.808,13,1:47.639,,13,0,38.143,47.209,20.349,1:45.701,271.8,305.7,256.2,276.2,,
Japanese,Start,MAG,813,Haas,Ferrari 066/7,17,1:31.352,17,,,14 +3,0,39.082,48.114,20.817,1:48.013,264.0,289.3,247.1,276.7,,
Japanese,1,MAG,813,Haas,Ferrari 066/7,17,1:31.352,12,2:32.254,,14 +3,0,39.082,48.114,20.817,1:48.013,264.0,289.3,247.1,276.7,,
Japanese,2,MAG,813,Haas,Ferrari 066/7,17,1:31.352,12,3:04.196,,14 +3,0,39.082,48.114,20.817,1:48.013,264.0,289.3,247.1,276.7,,
Japanese,3,MAG,813,Haas,Ferrari 066/7,17,1:31.352,12,9:02.372,,14 +3,0,39.082,48.114,20.817,1:48.013,264.0,289.3,247.1,276.7,,
Japanese,4,MAG,813,Haas,Ferrari 066/7,17,1:31.352,12,2:46.170,,14 +3,0,39.082,48.114,20.817,1:48.013,264.0,289.3,247.1,276.7,,
Japanese,5,MAG,813,Haas,Ferrari 066/7,17,1:31.352,12,2:50.782,,14 +3,0,39.082,48.114,20.817,1:48.013,264.0,289.3,247.1,276.7,,
Japanese,6,MAG,813,Haas,Ferrari 066/7,17,1:31.352,11,1:58.579,,14 +3,0,39.082,48.114,20.817,1:48.013,264.0,289.3,247.1,276.7,,
Japanese,7,MAG,813,Haas,Ferrari 066/7,17,1:31.352,11,1:58.331,,14 +3,0,39.082,48.114,20.817,1:48.013,264.0,289.3,247.1,276.7,,
Japanese,8,MAG,813,Haas,Ferrari 066/7,17,1:31.352,17,2:13.938,,14 +3,0,39.082,48.114,20.817,1:48.013,264.0,289.3,247.1,276.7,,
Japanese,9,MAG,813,Haas,Ferrari 066/7,17,1:31.352,16,1:51.148,,14 +3,0,39.082,48.114,20.817,1:48.013,264.0,289.3,247.1,276.7,,
Japanese,10,MAG,813,Haas,Ferrari 066/7,17,1:31.352,15,1:48.072,,14 +3,0,39.082,48.114,20.817,1:48.013,264.0,289.3,247.1,276.7,,
Japanese,11,MAG,813,Haas,Ferrari 066/7,17,1:31.352,15,1:48.123,,14 +3,0,39.082,48.114,20.817,1:48.013,264.0,289.3,247.1,276.7,,
Japanese,12,MAG,813,Haas,Ferrari 066/7,17,1:31.352,14,1:49.322,,14 +3,0,39.082,48.114,20.817,1:48.013,264.0,289.3,247.1,276.7,,
Japanese,13,MAG,813,Haas,Ferrari 066/7,17,1:31.352,14,1:49.350,,14 +3,0,39.082,48.114,20.817,1:48.013,264.0,289.3,247.1,276.7,,
Japanese,14,MAG,813,Haas,Ferrari 066/7,17,1:31.352,14,1:49.649,,14 +3,0,39.082,48.114,20.817,1:48.013,264.0,289.3,247.1,276.7,,
Japanese,15,MAG,813,Haas,Ferrari 066/7,17,1:31.352,14,1:49.655,,14 +3,0,39.082,48.114,20.817,1:48.013,264.0,289.3,247.1,276.7,,
Japanese,16,MAG,813,Haas,Ferrari 066/7,17,1:31.352,14,1:50.801,,14 +3,0,39.082,48.114,20.817,1:48.013,264.0,289.3,247.1,276.7,,
Japanese,17,MAG,813,Haas,Ferrari 066/7,17,1:31.352,14,1:50.282,,14 +3,0,39.082,48.114,20.817,1:48.013,264.0,289.3,247.1,276.7,,
Japanese,18,MAG,813,Haas,Ferrari 066/7,17,1:31.352,14,1:50.493,,14 +3,0,39.082,48.114,20.817,1:48.013,264.0,289.3,247.1,276.7,,
Japanese,19,MAG,813,Haas,Ferrari 066/7,17,1:31.352,14,1:50.283,,14 +3,0,39.082,48.114,20.817,1:48.013,264.0,289.3,247.1,276.7,,
Japanese,20,MAG,813,Haas,Ferrari 066/7,17,1:31.352,13,1:50.514,,14 +3,0,39.082,48.114,20.817,1:48.013,264.0,289.3,247.1,276.7,,
Japanese,21,MAG,813,Haas,Ferrari 066/7,17,1:31.352,12,1:50.526,,14 +3,0,39.082,48.114,20.817,1:48.013,264.0,289.3,247.1,276.7,,
Japanese,22,MAG,813,Haas,Ferrari 066/7,17,1:31.352,12,1:50.634,,14 +3,0,39.082,48.114,20.817,1:48.013,264.0,289.3,247.1,276.7,,
Japanese,23,MAG,813,Haas,Ferrari 066/7,17,1:31.352,12,1:50.168,,14 +3,0,39.082,48.114,20.817,1:48.013,264.0,289.3,247.1,276.7,,
Japanese,24,MAG,813,Haas,Ferrari 066/7,17,1:31.352,13,1:52.046,,14 +3,0,39.082,48.114,20.817,1:48.013,264.0,289.3,247.1,276.7,,
Japanese,25,MAG,813,Haas,Ferrari 066/7,17,1:31.352,14,1:51.458,,14 +3,0,39.082,48.114,20.817,1:48.013,264.0,289.3,247.1,276.7,,
Japanese,26,MAG,813,Haas,Ferrari 066/7,17,1:31.352,14,1:50.432,,14 +3,0,39.082,48.114,20.817,1:48.013,264.0,289.3,247.1,276.7,,
Japanese,27,MAG,813,Haas,Ferrari 066/7,17,1:31.352,14,1:50.317,,14 +3,0,39.082,48.114,20.817,1:48.013,264.0,289.3,247.1,276.7,,
Japanese,28,MAG,813,Haas,Ferrari 066/7,17,1:31.352,14,1:50.125,,14 +3,0,39.082,48.114,20.817,1:48.013,264.0,289.3,247.1,276.7,,
Japanese,Start,BOT,801,Alfa Romeo,Ferrari 066/7,12,1:30.709,12,,,15 -3,0,39.123,47.762,20.754,1:47.639,267.1,297.9,249.7,269.7,,
Japanese,1,BOT,801,Alfa Romeo,Ferrari 066/7,12,1:30.709,14,2:36.668,,15 -3,0,39.123,47.762,20.754,1:47.639,267.1,297.9,249.7,269.7,,
Japanese,2,BOT,801,Alfa Romeo,Ferrari 066/7,12,1:30.709,14,3:02.908,,15 -3,0,39.123,47.762,20.754,1:47.639,267.1,297.9,249.7,269.7,,
Japanese,3,BOT,801,Alfa Romeo,Ferrari 066/7,12,1:30.709,14,9:02.136,,15 -3,0,39.123,47.762,20.754,1:47.639,267.1,297.9,249.7,269.7,,
Japanese,4,BOT,801,Alfa Romeo,Ferrari 066/7,12,1:30.709,14,2:46.418,,15 -3,0,39.123,47.762,20.754,1:47.639,267.1,297.9,249.7,269.7,,
Japanese,5,BOT,801,Alfa Romeo,Ferrari 066/7,12,1:30.709,14,2:51.638,,15 -3,0,39.123,47.762,20.754,1:47.639,267.1,297.9,249.7,269.7,,
Japanese,6,BOT,801,Alfa Romeo,Ferrari 066/7,12,1:30.709,16,2:02.174,,15 -3,0,39.123,47.762,20.754,1:47.639,267.1,297.9,249.7,269.7,,
Japanese,7,BOT,801,Alfa Romeo,Ferrari 066/7,12,1:30.709,18,2:12.897,,15 -3,0,39.123,47.762,20.754,1:47.639,267.1,297.9,249.7,269.7,,
Japanese,8,BOT,801,Alfa Romeo,Ferrari 066/7,12,1:30.709,16,1:50.819,,15 -3,0,39.123,47.762,20.754,1:47.639,267.1,297.9,249.7,269.7,,
Japanese,9,BOT,801,Alfa Romeo,Ferrari 066/7,12,1:30.709,17,1:52.751,,15 -3,0,39.123,47.762,20.754,1:47.639,267.1,297.9,249.7,269.7,,
Japanese,10,BOT,801,Alfa Romeo,Ferrari 066/7,12,1:30.709,16,1:48.646,,15 -3,0,39.123,47.762,20.754,1:47.639,267.1,297.9,249.7,269.7,,
Japanese,11,BOT,801,Alfa Romeo,Ferrari 066/7,12,1:30.709,16,1:47.820,,15 -3,0,39.123,47.762,20.754,1:47.639,267.1,297.9,249.7,269.7,,
Japanese,12,BOT,801,Alfa Romeo,Ferrari 066/7,12,1:30.709,15,1:48.891,,15 -3,0,39.123,47.762,20.754,1:47.639,267.1,297.9,249.7,269.7,,
Japanese,13,BOT,801,Alfa Romeo,Ferrari 066/7,12,1:30.709,15,1:49.344,,15 -3,0,39.123,47.762,20.754,1:47.639,267.1,297.9,249.7,269.7,,
Japanese,14,BOT,801,Alfa Romeo,Ferrari 066/7,12,1:30.709,15,1:49.695,,15 -3,0,39.123,47.762,20.754,1:47.639,267.1,297.9,249.7,269.7,,
Japanese,15,BOT,801,Alfa Romeo,Ferrari 066/7,12,1:30.709,15,1:49.576,,15 -3,0,39.123,47.762,20.754,1:47.639,267.1,297.9,249.7,269.7,,
Japanese,16,BOT,801,Alfa Romeo,Ferrari 066/7,12,1:30.709,15,1:50.856,,15 -3,0,39.123,47.762,20.754,1:47.639,267.1,297.9,249.7,269.7,,
Japanese,17,BOT,801,Alfa Romeo,Ferrari 066/7,12,1:30.709,15,1:50.036,,15 -3,0,39.123,47.762,20.754,1:47.639,267.1,297.9,249.7,269.7,,
Japanese,18,BOT,801,Alfa Romeo,Ferrari 066/7,12,1:30.709,15,1:50.824,,15 -3,0,39.123,47.762,20.754,1:47.639,267.1,297.9,249.7,269.7,,
Japanese,19,BOT,801,Alfa Romeo,Ferrari 066/7,12,1:30.709,15,1:50.280,,15 -3,0,39.123,47.762,20.754,1:47.639,267.1,297.9,249.7,269.7,,
Japanese,20,BOT,801,Alfa Romeo,Ferrari 066/7,12,1:30.709,14,1:50.509,,15 -3,0,39.123,47.762,20.754,1:47.639,267.1,297.9,249.7,269.7,,
Japanese,21,BOT,801,Alfa Romeo,Ferrari 066/7,12,1:30.709,13,1:50.245,,15 -3,0,39.123,47.762,20.754,1:47.639,267.1,297.9,249.7,269.7,,
Japanese,22,BOT,801,Alfa Romeo,Ferrari 066/7,12,1:30.709,13,1:51.033,,15 -3,0,39.123,47.762,20.754,1:47.639,267.1,297.9,249.7,269.7,,
Japanese,23,BOT,801,Alfa Romeo,Ferrari 066/7,12,1:30.709,14,1:51.041,,15 -3,0,39.123,47.762,20.754,1:47.639,267.1,297.9,249.7,269.7,,
Japanese,24,BOT,801,Alfa Romeo,Ferrari 066/7,12,1:30.709,14,1:51.137,,15 -3,0,39.123,47.762,20.754,1:47.639,267.1,297.9,249.7,269.7,,
Japanese,25,BOT,801,Alfa Romeo,Ferrari 066/7,12,1:30.709,15,1:51.252,,15 -3,0,39.123,47.762,20.754,1:47.639,267.1,297.9,249.7,269.7,,
Japanese,26,BOT,801,Alfa Romeo,Ferrari 066/7,12,1:30.709,15,1:50.481,,15 -3,0,39.123,47.762,20.754,1:47.639,267.1,297.9,249.7,269.7,,
Japanese,27,BOT,801,Alfa Romeo,Ferrari 066/7,12,1:30.709,15,1:50.336,,15 -3,0,39.123,47.762,20.754,1:47.639,267.1,297.9,249.7,269.7,,
Japanese,28,BOT,801,Alfa Romeo,Ferrari 066/7,12,1:30.709,15,1:50.089,,15 -3,0,39.123,47.762,20.754,1:47.639,267.1,297.9,249.7,269.7,,
Japanese,Start,ZHO,852,Alfa Romeo,Ferrari 066/7,14,1:30.953,14,,,16 -2,0,37.586,46.792,20.033,1:44.411,268.7,293.8,249.4,289.0,,
Japanese,1,ZHO,852,Alfa Romeo,Ferrari 066/7,14,1:30.953,17,2:47.346,,16 -2,0,37.586,46.792,20.033,1:44.411,268.7,293.8,249.4,289.0,,
Japanese,2,ZHO,852,Alfa Romeo,Ferrari 066/7,14,1:30.953,17,3:00.250,,16 -2,0,37.586,46.792,20.033,1:44.411,268.7,293.8,249.4,289.0,,
Japanese,3,ZHO,852,Alfa Romeo,Ferrari 066/7,14,1:30.953,17,9:03.096,,16 -2,0,37.586,46.792,20.033,1:44.411,268.7,293.8,249.4,289.0,,
Japanese,4,ZHO,852,Alfa Romeo,Ferrari 066/7,14,1:30.953,17,2:45.226,,16 -2,0,37.586,46.792,20.033,1:44.411,268.7,293.8,249.4,289.0,,
Japanese,5,ZHO,852,Alfa Romeo,Ferrari 066/7,14,1:30.953,15,2:45.737,,16 -2,0,37.586,46.792,20.033,1:44.411,268.7,293.8,249.4,289.0,,
Japanese,6,ZHO,852,Alfa Romeo,Ferrari 066/7,14,1:30.953,14,1:57.862,,16 -2,0,37.586,46.792,20.033,1:44.411,268.7,293.8,249.4,289.0,,
Japanese,7,ZHO,852,Alfa Romeo,Ferrari 066/7,14,1:30.953,12,1:54.060,,16 -2,0,37.586,46.792,20.033,1:44.411,268.7,293.8,249.4,289.0,,
Japanese,8,ZHO,852,Alfa Romeo,Ferrari 066/7,14,1:30.953,6,1:53.826,,16 -2,0,37.586,46.792,20.033,1:44.411,268.7,293.8,249.4,289.0,,
Japanese,9,ZHO,852,Alfa Romeo,Ferrari 066/7,14,1:30.953,7,1:55.996,,16 -2,0,37.586,46.792,20.033,1:44.411,268.7,293.8,249.4,289.0,,
Japanese,10,ZHO,852,Alfa Romeo,Ferrari 066/7,14,1:30.953,18,2:10.761,,16 -2,0,37.586,46.792,20.033,1:44.411,268.7,293.8,249.4,289.0,,
Japanese,11,ZHO,852,Alfa Romeo,Ferrari 066/7,14,1:30.953,18,1:46.008,,16 -2,0,37.586,46.792,20.033,1:44.411,268.7,293.8,249.4,289.0,,
Japanese,12,ZHO,852,Alfa Romeo,Ferrari 066/7,14,1:30.953,17,1:46.748,,16 -2,0,37.586,46.792,20.033,1:44.411,268.7,293.8,249.4,289.0,,
Japanese,13,ZHO,852,Alfa Romeo,Ferrari 066/7,14,1:30.953,17,1:47.972,,16 -2,0,37.586,46.792,20.033,1:44.411,268.7,293.8,249.4,289.0,,
Japanese,14,ZHO,852,Alfa Romeo,Ferrari 066/7,14,1:30.953,17,1:49.791,,16 -2,0,37.586,46.792,20.033,1:44.411,268.7,293.8,249.4,289.0,,
Japanese,15,ZHO,852,Alfa Romeo,Ferrari 066/7,14,1:30.953,17,1:49.907,,16 -2,0,37.586,46.792,20.033,1:44.411,268.7,293.8,249.4,289.0,,
Japanese,16,ZHO,852,Alfa Romeo,Ferrari 066/7,14,1:30.953,17,1:50.717,,16 -2,0,37.586,46.792,20.033,1:44.411,268.7,293.8,249.4,289.0,,
Japanese,17,ZHO,852,Alfa Romeo,Ferrari 066/7,14,1:30.953,17,1:51.073,,16 -2,0,37.586,46.792,20.033,1:44.411,268.7,293.8,249.4,289.0,,
Japanese,18,ZHO,852,Alfa Romeo,Ferrari 066/7,14,1:30.953,17,1:53.531,,16 -2,0,37.586,46.792,20.033,1:44.411,268.7,293.8,249.4,289.0,,
Japanese,19,ZHO,852,Alfa Romeo,Ferrari 066/7,14,1:30.953,18,2:07.171,,16 -2,0,37.586,46.792,20.033,1:44.411,268.7,293.8,249.4,289.0,,
Japanese,20,ZHO,852,Alfa Romeo,Ferrari 066/7,14,1:30.953,17,1:44.411,,16 -2,0,37.586,46.792,20.033,1:44.411,268.7,293.8,249.4,289.0,,
Japanese,21,ZHO,852,Alfa Romeo,Ferrari 066/7,14,1:30.953,17,1:46.464,,16 -2,0,37.586,46.792,20.033,1:44.411,268.7,293.8,249.4,289.0,,
Japanese,22,ZHO,852,Alfa Romeo,Ferrari 066/7,14,1:30.953,17,1:46.607,,16 -2,0,37.586,46.792,20.033,1:44.411,268.7,293.8,249.4,289.0,,
Japanese,23,ZHO,852,Alfa Romeo,Ferrari 066/7,14,1:30.953,17,1:47.907,,16 -2,0,37.586,46.792,20.033,1:44.411,268.7,293.8,249.4,289.0,,
Japanese,24,ZHO,852,Alfa Romeo,Ferrari 066/7,14,1:30.953,16,1:50.415,,16 -2,0,37.586,46.792,20.033,1:44.411,268.7,293.8,249.4,289.0,,
Japanese,25,ZHO,852,Alfa Romeo,Ferrari 066/7,14,1:30.953,16,1:47.595,,16 -2,0,37.586,46.792,20.033,1:44.411,268.7,293.8,249.4,289.0,,
Japanese,26,ZHO,852,Alfa Romeo,Ferrari 066/7,14,1:30.953,16,1:50.343,,16 -2,0,37.586,46.792,20.033,1:44.411,268.7,293.8,249.4,289.0,,
Japanese,27,ZHO,852,Alfa Romeo,Ferrari 066/7,14,1:30.953,16,1:50.380,,16 -2,0,37.586,46.792,20.033,1:44.411,268.7,293.8,249.4,289.0,,
Japanese,28,ZHO,852,Alfa Romeo,Ferrari 066/7,14,1:30.953,16,1:49.847,,16 -2,0,37.586,46.792,20.033,1:44.411,268.7,293.8,249.4,289.0,,
Japanese,Start,SCH,848,Haas,Ferrari 066/7,15,1:31.439,15,,,18 -3,0,38.130,47.177,20.875,1:46.182,265.2,290.0,248.7,270.8,,
Japanese,1,SCH,848,Haas,Ferrari 066/7,15,1:31.439,10,2:28.607,,18 -3,0,38.130,47.177,20.875,1:46.182,265.2,290.0,248.7,270.8,,
Japanese,2,SCH,848,Haas,Ferrari 066/7,15,1:31.439,10,3:02.728,,18 -3,0,38.130,47.177,20.875,1:46.182,265.2,290.0,248.7,270.8,,
Japanese,3,SCH,848,Haas,Ferrari 066/7,15,1:31.439,10,9:04.609,,18 -3,0,38.130,47.177,20.875,1:46.182,265.2,290.0,248.7,270.8,,
Japanese,4,SCH,848,Haas,Ferrari 066/7,15,1:31.439,10,2:46.339,,18 -3,0,38.130,47.177,20.875,1:46.182,265.2,290.0,248.7,270.8,,
Japanese,5,SCH,848,Haas,Ferrari 066/7,15,1:31.439,10,2:51.933,,18 -3,0,38.130,47.177,20.875,1:46.182,265.2,290.0,248.7,270.8,,
Japanese,6,SCH,848,Haas,Ferrari 066/7,15,1:31.439,10,1:59.530,,18 -3,0,38.130,47.177,20.875,1:46.182,265.2,290.0,248.7,270.8,,
Japanese,7,SCH,848,Haas,Ferrari 066/7,15,1:31.439,9,1:55.038,,18 -3,0,38.130,47.177,20.875,1:46.182,265.2,290.0,248.7,270.8,,
Japanese,8,SCH,848,Haas,Ferrari 066/7,15,1:31.439,2,1:53.513,,18 -3,0,38.130,47.177,20.875,1:46.182,265.2,290.0,248.7,270.8,,
Japanese,9,SCH,848,Haas,Ferrari 066/7,15,1:31.439,3,1:54.213,,18 -3,0,38.130,47.177,20.875,1:46.182,265.2,290.0,248.7,270.8,,
Japanese,10,SCH,848,Haas,Ferrari 066/7,15,1:31.439,6,1:54.672,,18 -3,0,38.130,47.177,20.875,1:46.182,265.2,290.0,248.7,270.8,,
Japanese,11,SCH,848,Haas,Ferrari 066/7,15,1:31.439,13,2:00.481,,18 -3,0,38.130,47.177,20.875,1:46.182,265.2,290.0,248.7,270.8,,
Japanese,12,SCH,848,Haas,Ferrari 066/7,15,1:31.439,18,2:09.854,,18 -3,0,38.130,47.177,20.875,1:46.182,265.2,290.0,248.7,270.8,,
Japanese,13,SCH,848,Haas,Ferrari 066/7,15,1:31.439,18,1:46.545,,18 -3,0,38.130,47.177,20.875,1:46.182,265.2,290.0,248.7,270.8,,
Japanese,14,SCH,848,Haas,Ferrari 066/7,15,1:31.439,18,1:47.094,,18 -3,0,38.130,47.177,20.875,1:46.182,265.2,290.0,248.7,270.8,,
Japanese,15,SCH,848,Haas,Ferrari 066/7,15,1:31.439,18,1:48.285,,18 -3,0,38.130,47.177,20.875,1:46.182,265.2,290.0,248.7,270.8,,
Japanese,16,SCH,848,Haas,Ferrari 066/7,15,1:31.439,18,1:48.209,,18 -3,0,38.130,47.177,20.875,1:46.182,265.2,290.0,248.7,270.8,,
Japanese,17,SCH,848,Haas,Ferrari 066/7,15,1:31.439,18,1:49.170,,18 -3,0,38.130,47.177,20.875,1:46.182,265.2,290.0,248.7,270.8,,
Japanese,18,SCH,848,Haas,Ferrari 066/7,15,1:31.439,18,1:49.611,,18 -3,0,38.130,47.177,20.875,1:46.182,265.2,290.0,248.7,270.8,,
Japanese,19,SCH,848,Haas,Ferrari 066/7,15,1:31.439,17,1:49.631,,18 -3,0,38.130,47.177,20.875,1:46.182,265.2,290.0,248.7,270.8,,
Japanese,20,SCH,848,Haas,Ferrari 066/7,15,1:31.439,15,1:49.941,,18 -3,0,38.130,47.177,20.875,1:46.182,265.2,290.0,248.7,270.8,,
Japanese,21,SCH,848,Haas,Ferrari 066/7,15,1:31.439,14,1:49.530,,18 -3,0,38.130,47.177,20.875,1:46.182,265.2,290.0,248.7,270.8,,
Japanese,22,SCH,848,Haas,Ferrari 066/7,15,1:31.439,15,1:51.956,,18 -3,0,38.130,47.177,20.875,1:46.182,265.2,290.0,248.7,270.8,,
Japanese,23,SCH,848,Haas,Ferrari 066/7,15,1:31.439,16,1:50.564,,18 -3,0,38.130,47.177,20.875,1:46.182,265.2,290.0,248.7,270.8,,
Japanese,24,SCH,848,Haas,Ferrari 066/7,15,1:31.439,18,1:51.728,,18 -3,0,38.130,47.177,20.875,1:46.182,265.2,290.0,248.7,270.8,,
Japanese,25,SCH,848,Haas,Ferrari 066/7,15,1:31.439,18,1:51.770,,18 -3,0,38.130,47.177,20.875,1:46.182,265.2,290.0,248.7,270.8,,
Japanese,26,SCH,848,Haas,Ferrari 066/7,15,1:31.439,18,1:50.227,,18 -3,0,38.130,47.177,20.875,1:46.182,265.2,290.0,248.7,270.8,,
Japanese,27,SCH,848,Haas,Ferrari 066/7,15,1:31.439,18,1:50.332,,18 -3,0,38.130,47.177,20.875,1:46.182,265.2,290.0,248.7,270.8,,
Japanese,28,SCH,848,Haas,Ferrari 066/7,15,1:31.439,18,1:50.417,,18 -3,0,38.130,47.177,20.875,1:46.182,265.2,290.0,248.7,270.8,,
